,donor_id,site_id,cell_class,annotation_coarse,count
0,AT3,AT3-BRA-5-FO-1,AC-gliosis-hypoxia,AC-gliosis-like,4253
1,AT3,AT3-BRA-5-FO-1,AC-gliosis-hypoxia,AC-progenitor-like,1736
2,AT3,AT3-BRA-5-FO-1,AC-gliosis-hypoxia,Hypoxic,1455
3,AT3,AT3-BRA-5-FO-1,AC-gliosis-hypoxia,Gliosis-like,811
9,AT3,AT3-BRA-5-FO-1,NPC-OPC-like,OPC-like,596
10,AT3,AT3-BRA-5-FO-1,NPC-OPC-like,OPC-NPC-like,10
18,AT3,AT3-BRA-5-FO-1,NPC-neuronal-like,NPC-neuronal-like,151
27,AT3,AT3-BRA-5-FO-1,Proliferative,Proliferative,661
36,AT3,AT3-BRA-5-FO-2,AC-gliosis-hypoxia,AC-progenitor-like,5320
37,AT3,AT3-BRA-5-FO-2,AC-gliosis-hypoxia,AC-gliosis-like,5162
38,AT3,AT3-BRA-5-FO-2,AC-gliosis-hypoxia,Hypoxic,1693
39,AT3,AT3-BRA-5-FO-2,AC-gliosis-hypoxia,Gliosis-like,365
45,AT3,AT3-BRA-5-FO-2,NPC-OPC-like,OPC-like,815
46,AT3,AT3-BRA-5-FO-2,NPC-OPC-like,OPC-NPC-like,72
47,AT3,AT3-BRA-5-FO-2,NPC-OPC-like,OPC-neuronal-like,10
54,AT3,AT3-BRA-5-FO-2,NPC-neuronal-like,NPC-neuronal-like,97
63,AT3,AT3-BRA-5-FO-2,Proliferative,Proliferative,850
72,AT3,AT3-BRA-5-FO-3,AC-gliosis-hypoxia,AC-progenitor-like,9058
73,AT3,AT3-BRA-5-FO-3,AC-gliosis-hypoxia,AC-gliosis-like,7482
74,AT3,AT3-BRA-5-FO-3,AC-gliosis-hypoxia,Hypoxic,5636
75,AT3,AT3-BRA-5-FO-3,AC-gliosis-hypoxia,Gliosis-like,412
81,AT3,AT3-BRA-5-FO-3,NPC-OPC-like,OPC-like,2636
82,AT3,AT3-BRA-5-FO-3,NPC-OPC-like,OPC-NPC-like,169
83,AT3,AT3-BRA-5-FO-3,NPC-OPC-like,OPC-neuronal-like,17
90,AT3,AT3-BRA-5-FO-3,NPC-neuronal-like,NPC-neuronal-like,12
99,AT3,AT3-BRA-5-FO-3,Proliferative,Proliferative,1571
108,AT3,AT3-BRA-5-FO-4,AC-gliosis-hypoxia,Gliosis-like,8232
109,AT3,AT3-BRA-5-FO-4,AC-gliosis-hypoxia,AC-gliosis-like,818
110,AT3,AT3-BRA-5-FO-4,AC-gliosis-hypoxia,AC-progenitor-like,773
111,AT3,AT3-BRA-5-FO-4,AC-gliosis-hypoxia,Hypoxic,264
117,AT3,AT3-BRA-5-FO-4,NPC-OPC-like,OPC-like,402
118,AT3,AT3-BRA-5-FO-4,NPC-OPC-like,OPC-NPC-like,18
119,AT3,AT3-BRA-5-FO-4,NPC-OPC-like,OPC-neuronal-like,5
126,AT3,AT3-BRA-5-FO-4,NPC-neuronal-like,NPC-neuronal-like,70
135,AT3,AT3-BRA-5-FO-4,Proliferative,Proliferative,87
2196,AT4,AT4-BRA-5-FO-1,AC-gliosis-hypoxia,AC-progenitor-like,335
2197,AT4,AT4-BRA-5-FO-1,AC-gliosis-hypoxia,AC-gliosis-like,302
2198,AT4,AT4-BRA-5-FO-1,AC-gliosis-hypoxia,Hypoxic,69
2199,AT4,AT4-BRA-5-FO-1,AC-gliosis-hypoxia,Gliosis-like,46
2205,AT4,AT4-BRA-5-FO-1,NPC-OPC-like,OPC-like,869
2206,AT4,AT4-BRA-5-FO-1,NPC-OPC-like,OPC-NPC-like,322
2207,AT4,AT4-BRA-5-FO-1,NPC-OPC-like,OPC-neuronal-like,35
2214,AT4,AT4-BRA-5-FO-1,NPC-neuronal-like,NPC-neuronal-like,123
2223,AT4,AT4-BRA-5-FO-1,Proliferative,Proliferative,522
2232,AT4,AT4-BRA-5-FO-2,AC-gliosis-hypoxia,AC-progenitor-like,2306
2233,AT4,AT4-BRA-5-FO-2,AC-gliosis-hypoxia,Hypoxic,1767
2234,AT4,AT4-BRA-5-FO-2,AC-gliosis-hypoxia,AC-gliosis-like,204
2235,AT4,AT4-BRA-5-FO-2,AC-gliosis-hypoxia,Gliosis-like,33
2241,AT4,AT4-BRA-5-FO-2,NPC-OPC-like,OPC-like,3792
2242,AT4,AT4-BRA-5-FO-2,NPC-OPC-like,OPC-NPC-like,809
2243,AT4,AT4-BRA-5-FO-2,NPC-OPC-like,OPC-neuronal-like,29
2250,AT4,AT4-BRA-5-FO-2,NPC-neuronal-like,NPC-neuronal-like,1005
2259,AT4,AT4-BRA-5-FO-2,Proliferative,Proliferative,2088
2268,AT4,AT4-BRA-5-FO-3,AC-gliosis-hypoxia,Hypoxic,4408
2269,AT4,AT4-BRA-5-FO-3,AC-gliosis-hypoxia,AC-progenitor-like,2933
2270,AT4,AT4-BRA-5-FO-3,AC-gliosis-hypoxia,AC-gliosis-like,311
2271,AT4,AT4-BRA-5-FO-3,AC-gliosis-hypoxia,Gliosis-like,153
2277,AT4,AT4-BRA-5-FO-3,NPC-OPC-like,OPC-like,8410
2278,AT4,AT4-BRA-5-FO-3,NPC-OPC-like,OPC-NPC-like,975
2279,AT4,AT4-BRA-5-FO-3,NPC-OPC-like,OPC-neuronal-like,56
2286,AT4,AT4-BRA-5-FO-3,NPC-neuronal-like,NPC-neuronal-like,908
2295,AT4,AT4-BRA-5-FO-3,Proliferative,Proliferative,1768
2304,AT4,AT4-BRA-5-FO-4,AC-gliosis-hypoxia,AC-progenitor-like,2506
2305,AT4,AT4-BRA-5-FO-4,AC-gliosis-hypoxia,Hypoxic,1746
2306,AT4,AT4-BRA-5-FO-4,AC-gliosis-hypoxia,AC-gliosis-like,1221
2307,AT4,AT4-BRA-5-FO-4,AC-gliosis-hypoxia,Gliosis-like,817
2313,AT4,AT4-BRA-5-FO-4,NPC-OPC-like,OPC-like,4817
2314,AT4,AT4-BRA-5-FO-4,NPC-OPC-like,OPC-NPC-like,1045
2315,AT4,AT4-BRA-5-FO-4,NPC-OPC-like,OPC-neuronal-like,87
2322,AT4,AT4-BRA-5-FO-4,NPC-neuronal-like,NPC-neuronal-like,704
2331,AT4,AT4-BRA-5-FO-4,Proliferative,Proliferative,999
4392,AT5,AT5-BRA-5-FO-1,AC-gliosis-hypoxia,AC-progenitor-like,560
4393,AT5,AT5-BRA-5-FO-1,AC-gliosis-hypoxia,Hypoxic,528
4394,AT5,AT5-BRA-5-FO-1,AC-gliosis-hypoxia,Gliosis-like,311
4395,AT5,AT5-BRA-5-FO-1,AC-gliosis-hypoxia,AC-gliosis-like,125
4401,AT5,AT5-BRA-5-FO-1,NPC-OPC-like,OPC-like,5471
4402,AT5,AT5-BRA-5-FO-1,NPC-OPC-like,OPC-NPC-like,1304
4403,AT5,AT5-BRA-5-FO-1,NPC-OPC-like,OPC-neuronal-like,30
4410,AT5,AT5-BRA-5-FO-1,NPC-neuronal-like,NPC-neuronal-like,442
4419,AT5,AT5-BRA-5-FO-1,Proliferative,Proliferative,527
4428,AT5,AT5-BRA-5-FO-2,AC-gliosis-hypoxia,Hypoxic,596
4429,AT5,AT5-BRA-5-FO-2,AC-gliosis-hypoxia,AC-progenitor-like,485
4430,AT5,AT5-BRA-5-FO-2,AC-gliosis-hypoxia,AC-gliosis-like,118
4431,AT5,AT5-BRA-5-FO-2,AC-gliosis-hypoxia,Gliosis-like,82
4437,AT5,AT5-BRA-5-FO-2,NPC-OPC-like,OPC-like,5163
4438,AT5,AT5-BRA-5-FO-2,NPC-OPC-like,OPC-NPC-like,2964
4439,AT5,AT5-BRA-5-FO-2,NPC-OPC-like,OPC-neuronal-like,846
4446,AT5,AT5-BRA-5-FO-2,NPC-neuronal-like,NPC-neuronal-like,477
4455,AT5,AT5-BRA-5-FO-2,Proliferative,Proliferative,460
4464,AT5,AT5-BRA-5-FO-3,AC-gliosis-hypoxia,AC-progenitor-like,591
4465,AT5,AT5-BRA-5-FO-3,AC-gliosis-hypoxia,Hypoxic,219
4466,AT5,AT5-BRA-5-FO-3,AC-gliosis-hypoxia,AC-gliosis-like,88
4467,AT5,AT5-BRA-5-FO-3,AC-gliosis-hypoxia,Gliosis-like,14
4473,AT5,AT5-BRA-5-FO-3,NPC-OPC-like,OPC-NPC-like,7456
4474,AT5,AT5-BRA-5-FO-3,NPC-OPC-like,OPC-like,6745
4475,AT5,AT5-BRA-5-FO-3,NPC-OPC-like,OPC-neuronal-like,269
4482,AT5,AT5-BRA-5-FO-3,NPC-neuronal-like,NPC-neuronal-like,1413
4491,AT5,AT5-BRA-5-FO-3,Proliferative,Proliferative,756
4500,AT5,AT5-BRA-5-FO-4,AC-gliosis-hypoxia,Hypoxic,75
4501,AT5,AT5-BRA-5-FO-4,AC-gliosis-hypoxia,AC-progenitor-like,64
4502,AT5,AT5-BRA-5-FO-4,AC-gliosis-hypoxia,Gliosis-like,36
4503,AT5,AT5-BRA-5-FO-4,AC-gliosis-hypoxia,AC-gliosis-like,4
4509,AT5,AT5-BRA-5-FO-4,NPC-OPC-like,OPC-like,520
4510,AT5,AT5-BRA-5-FO-4,NPC-OPC-like,OPC-NPC-like,42
4511,AT5,AT5-BRA-5-FO-4,NPC-OPC-like,OPC-neuronal-like,1
4518,AT5,AT5-BRA-5-FO-4,NPC-neuronal-like,NPC-neuronal-like,29
4527,AT5,AT5-BRA-5-FO-4,Proliferative,Proliferative,29
6588,AT6,AT6-BRA-3-FO-1,AC-gliosis-hypoxia,Hypoxic,4664
6589,AT6,AT6-BRA-3-FO-1,AC-gliosis-hypoxia,AC-progenitor-like,4208
6590,AT6,AT6-BRA-3-FO-1,AC-gliosis-hypoxia,AC-gliosis-like,1324
6591,AT6,AT6-BRA-3-FO-1,AC-gliosis-hypoxia,Gliosis-like,285
6597,AT6,AT6-BRA-3-FO-1,NPC-OPC-like,OPC-like,458
6598,AT6,AT6-BRA-3-FO-1,NPC-OPC-like,OPC-neuronal-like,34
6599,AT6,AT6-BRA-3-FO-1,NPC-OPC-like,OPC-NPC-like,29
6606,AT6,AT6-BRA-3-FO-1,NPC-neuronal-like,NPC-neuronal-like,38
6615,AT6,AT6-BRA-3-FO-1,Proliferative,Proliferative,279
6624,AT6,AT6-BRA-3-FO-2,AC-gliosis-hypoxia,AC-progenitor-like,5581
6625,AT6,AT6-BRA-3-FO-2,AC-gliosis-hypoxia,Hypoxic,3250
6626,AT6,AT6-BRA-3-FO-2,AC-gliosis-hypoxia,AC-gliosis-like,2022
6627,AT6,AT6-BRA-3-FO-2,AC-gliosis-hypoxia,Gliosis-like,185
6633,AT6,AT6-BRA-3-FO-2,NPC-OPC-like,OPC-like,1782
6634,AT6,AT6-BRA-3-FO-2,NPC-OPC-like,OPC-NPC-like,71
6635,AT6,AT6-BRA-3-FO-2,NPC-OPC-like,OPC-neuronal-like,28
6642,AT6,AT6-BRA-3-FO-2,NPC-neuronal-like,NPC-neuronal-like,42
6651,AT6,AT6-BRA-3-FO-2,Proliferative,Proliferative,415
6660,AT6,AT6-BRA-3-FO-3,AC-gliosis-hypoxia,AC-progenitor-like,16088
6661,AT6,AT6-BRA-3-FO-3,AC-gliosis-hypoxia,Hypoxic,3776
6662,AT6,AT6-BRA-3-FO-3,AC-gliosis-hypoxia,AC-gliosis-like,2776
6663,AT6,AT6-BRA-3-FO-3,AC-gliosis-hypoxia,Gliosis-like,162
6669,AT6,AT6-BRA-3-FO-3,NPC-OPC-like,OPC-like,3986
6670,AT6,AT6-BRA-3-FO-3,NPC-OPC-like,OPC-NPC-like,247
6671,AT6,AT6-BRA-3-FO-3,NPC-OPC-like,OPC-neuronal-like,99
6678,AT6,AT6-BRA-3-FO-3,NPC-neuronal-like,NPC-neuronal-like,77
6687,AT6,AT6-BRA-3-FO-3,Proliferative,Proliferative,3962
6696,AT6,AT6-BRA-3-FO-4,AC-gliosis-hypoxia,AC-progenitor-like,11505
6697,AT6,AT6-BRA-3-FO-4,AC-gliosis-hypoxia,Hypoxic,7297
6698,AT6,AT6-BRA-3-FO-4,AC-gliosis-hypoxia,AC-gliosis-like,1760
6699,AT6,AT6-BRA-3-FO-4,AC-gliosis-hypoxia,Gliosis-like,158
6705,AT6,AT6-BRA-3-FO-4,NPC-OPC-like,OPC-like,5173
6706,AT6,AT6-BRA-3-FO-4,NPC-OPC-like,OPC-NPC-like,108
6707,AT6,AT6-BRA-3-FO-4,NPC-OPC-like,OPC-neuronal-like,29
6714,AT6,AT6-BRA-3-FO-4,NPC-neuronal-like,NPC-neuronal-like,24
6723,AT6,AT6-BRA-3-FO-4,Proliferative,Proliferative,1473
8784,AT7,AT7-BRA-3-FO-1,AC-gliosis-hypoxia,AC-progenitor-like,310
8785,AT7,AT7-BRA-3-FO-1,AC-gliosis-hypoxia,AC-gliosis-like,12
8793,AT7,AT7-BRA-3-FO-1,NPC-OPC-like,OPC-NPC-like,375
8794,AT7,AT7-BRA-3-FO-1,NPC-OPC-like,OPC-like,49
8795,AT7,AT7-BRA-3-FO-1,NPC-OPC-like,OPC-neuronal-like,1
8802,AT7,AT7-BRA-3-FO-1,NPC-neuronal-like,NPC-neuronal-like,3
8811,AT7,AT7-BRA-3-FO-1,Proliferative,Proliferative,91
8820,AT7,AT7-BRA-3-FO-2,AC-gliosis-hypoxia,Hypoxic,1207
8821,AT7,AT7-BRA-3-FO-2,AC-gliosis-hypoxia,AC-progenitor-like,561
8822,AT7,AT7-BRA-3-FO-2,AC-gliosis-hypoxia,AC-gliosis-like,412
8823,AT7,AT7-BRA-3-FO-2,AC-gliosis-hypoxia,Gliosis-like,268
8829,AT7,AT7-BRA-3-FO-2,NPC-OPC-like,OPC-like,370
8830,AT7,AT7-BRA-3-FO-2,NPC-OPC-like,OPC-NPC-like,177
8831,AT7,AT7-BRA-3-FO-2,NPC-OPC-like,OPC-neuronal-like,7
8838,AT7,AT7-BRA-3-FO-2,NPC-neuronal-like,NPC-neuronal-like,7
8847,AT7,AT7-BRA-3-FO-2,Proliferative,Proliferative,271
8856,AT7,AT7-BRA-3-FO-3,AC-gliosis-hypoxia,AC-progenitor-like,3370
8857,AT7,AT7-BRA-3-FO-3,AC-gliosis-hypoxia,Hypoxic,476
8858,AT7,AT7-BRA-3-FO-3,AC-gliosis-hypoxia,Gliosis-like,168
8859,AT7,AT7-BRA-3-FO-3,AC-gliosis-hypoxia,AC-gliosis-like,114
8865,AT7,AT7-BRA-3-FO-3,NPC-OPC-like,OPC-NPC-like,560
8866,AT7,AT7-BRA-3-FO-3,NPC-OPC-like,OPC-like,245
8867,AT7,AT7-BRA-3-FO-3,NPC-OPC-like,OPC-neuronal-like,2
8874,AT7,AT7-BRA-3-FO-3,NPC-neuronal-like,NPC-neuronal-like,16
8883,AT7,AT7-BRA-3-FO-3,Proliferative,Proliferative,1002
8892,AT7,AT7-BRA-3-FO-4,AC-gliosis-hypoxia,AC-progenitor-like,3922
8893,AT7,AT7-BRA-3-FO-4,AC-gliosis-hypoxia,Gliosis-like,1373
8894,AT7,AT7-BRA-3-FO-4,AC-gliosis-hypoxia,AC-gliosis-like,1025
8895,AT7,AT7-BRA-3-FO-4,AC-gliosis-hypoxia,Hypoxic,862
8901,AT7,AT7-BRA-3-FO-4,NPC-OPC-like,OPC-like,164
8902,AT7,AT7-BRA-3-FO-4,NPC-OPC-like,OPC-NPC-like,27
8903,AT7,AT7-BRA-3-FO-4,NPC-OPC-like,OPC-neuronal-like,3
8910,AT7,AT7-BRA-3-FO-4,NPC-neuronal-like,NPC-neuronal-like,13
8919,AT7,AT7-BRA-3-FO-4,Proliferative,Proliferative,831
10980,AT9,AT9-BRA-4-FO-1,AC-gliosis-hypoxia,AC-progenitor-like,968
10981,AT9,AT9-BRA-4-FO-1,AC-gliosis-hypoxia,Hypoxic,680
10982,AT9,AT9-BRA-4-FO-1,AC-gliosis-hypoxia,AC-gliosis-like,114
10983,AT9,AT9-BRA-4-FO-1,AC-gliosis-hypoxia,Gliosis-like,82
10989,AT9,AT9-BRA-4-FO-1,NPC-OPC-like,OPC-neuronal-like,2988
10990,AT9,AT9-BRA-4-FO-1,NPC-OPC-like,OPC-like,2018
10991,AT9,AT9-BRA-4-FO-1,NPC-OPC-like,OPC-NPC-like,885
10998,AT9,AT9-BRA-4-FO-1,NPC-neuronal-like,NPC-neuronal-like,221
11007,AT9,AT9-BRA-4-FO-1,Proliferative,Proliferative,326
11016,AT9,AT9-BRA-4-FO-2,AC-gliosis-hypoxia,AC-progenitor-like,2151
11017,AT9,AT9-BRA-4-FO-2,AC-gliosis-hypoxia,Hypoxic,1141
11018,AT9,AT9-BRA-4-FO-2,AC-gliosis-hypoxia,Gliosis-like,141
11019,AT9,AT9-BRA-4-FO-2,AC-gliosis-hypoxia,AC-gliosis-like,102
11025,AT9,AT9-BRA-4-FO-2,NPC-OPC-like,OPC-NPC-like,14282
11026,AT9,AT9-BRA-4-FO-2,NPC-OPC-like,OPC-like,4481
11027,AT9,AT9-BRA-4-FO-2,NPC-OPC-like,OPC-neuronal-like,227
11034,AT9,AT9-BRA-4-FO-2,NPC-neuronal-like,NPC-neuronal-like,1732
11043,AT9,AT9-BRA-4-FO-2,Proliferative,Proliferative,904
11052,AT9,AT9-BRA-4-FO-3,AC-gliosis-hypoxia,AC-progenitor-like,1866
11053,AT9,AT9-BRA-4-FO-3,AC-gliosis-hypoxia,Hypoxic,1439
11054,AT9,AT9-BRA-4-FO-3,AC-gliosis-hypoxia,AC-gliosis-like,355
11055,AT9,AT9-BRA-4-FO-3,AC-gliosis-hypoxia,Gliosis-like,248
11061,AT9,AT9-BRA-4-FO-3,NPC-OPC-like,OPC-like,11265
11062,AT9,AT9-BRA-4-FO-3,NPC-OPC-like,OPC-neuronal-like,3869
11063,AT9,AT9-BRA-4-FO-3,NPC-OPC-like,OPC-NPC-like,2297
11070,AT9,AT9-BRA-4-FO-3,NPC-neuronal-like,NPC-neuronal-like,877
11079,AT9,AT9-BRA-4-FO-3,Proliferative,Proliferative,1302
11088,AT9,AT9-BRA-4-FO-4,AC-gliosis-hypoxia,Hypoxic,5074
11089,AT9,AT9-BRA-4-FO-4,AC-gliosis-hypoxia,AC-progenitor-like,2127
11090,AT9,AT9-BRA-4-FO-4,AC-gliosis-hypoxia,Gliosis-like,254
11091,AT9,AT9-BRA-4-FO-4,AC-gliosis-hypoxia,AC-gliosis-like,204
11097,AT9,AT9-BRA-4-FO-4,NPC-OPC-like,OPC-like,45092
11098,AT9,AT9-BRA-4-FO-4,NPC-OPC-like,OPC-NPC-like,1558
11099,AT9,AT9-BRA-4-FO-4,NPC-OPC-like,OPC-neuronal-like,1197
11106,AT9,AT9-BRA-4-FO-4,NPC-neuronal-like,NPC-neuronal-like,1032
11115,AT9,AT9-BRA-4-FO-4,Proliferative,Proliferative,903
13176,AT10,AT10-BRA-5-FO-1,AC-gliosis-hypoxia,AC-progenitor-like,3001
13177,AT10,AT10-BRA-5-FO-1,AC-gliosis-hypoxia,Hypoxic,2472
13178,AT10,AT10-BRA-5-FO-1,AC-gliosis-hypoxia,AC-gliosis-like,616
13179,AT10,AT10-BRA-5-FO-1,AC-gliosis-hypoxia,Gliosis-like,311
13185,AT10,AT10-BRA-5-FO-1,NPC-OPC-like,OPC-NPC-like,3977
13186,AT10,AT10-BRA-5-FO-1,NPC-OPC-like,OPC-like,2689
13187,AT10,AT10-BRA-5-FO-1,NPC-OPC-like,OPC-neuronal-like,288
13194,AT10,AT10-BRA-5-FO-1,NPC-neuronal-like,NPC-neuronal-like,3977
13203,AT10,AT10-BRA-5-FO-1,Proliferative,Proliferative,641
13212,AT10,AT10-BRA-5-FO-2,AC-gliosis-hypoxia,AC-progenitor-like,3441
13213,AT10,AT10-BRA-5-FO-2,AC-gliosis-hypoxia,Hypoxic,2274
13214,AT10,AT10-BRA-5-FO-2,AC-gliosis-hypoxia,Gliosis-like,757
13215,AT10,AT10-BRA-5-FO-2,AC-gliosis-hypoxia,AC-gliosis-like,126
13221,AT10,AT10-BRA-5-FO-2,NPC-OPC-like,OPC-like,5252
13222,AT10,AT10-BRA-5-FO-2,NPC-OPC-like,OPC-NPC-like,1817
13223,AT10,AT10-BRA-5-FO-2,NPC-OPC-like,OPC-neuronal-like,42
13230,AT10,AT10-BRA-5-FO-2,NPC-neuronal-like,NPC-neuronal-like,1112
13239,AT10,AT10-BRA-5-FO-2,Proliferative,Proliferative,574
13248,AT10,AT10-BRA-5-FO-3,AC-gliosis-hypoxia,AC-progenitor-like,692
13249,AT10,AT10-BRA-5-FO-3,AC-gliosis-hypoxia,Hypoxic,453
13250,AT10,AT10-BRA-5-FO-3,AC-gliosis-hypoxia,Gliosis-like,88
13251,AT10,AT10-BRA-5-FO-3,AC-gliosis-hypoxia,AC-gliosis-like,74
13257,AT10,AT10-BRA-5-FO-3,NPC-OPC-like,OPC-NPC-like,1323
13258,AT10,AT10-BRA-5-FO-3,NPC-OPC-like,OPC-neuronal-like,621
13259,AT10,AT10-BRA-5-FO-3,NPC-OPC-like,OPC-like,465
13266,AT10,AT10-BRA-5-FO-3,NPC-neuronal-like,NPC-neuronal-like,176
13275,AT10,AT10-BRA-5-FO-3,Proliferative,Proliferative,160
13284,AT10,AT10-BRA-5-FO-4,AC-gliosis-hypoxia,AC-progenitor-like,5083
13285,AT10,AT10-BRA-5-FO-4,AC-gliosis-hypoxia,Hypoxic,730
13286,AT10,AT10-BRA-5-FO-4,AC-gliosis-hypoxia,Gliosis-like,312
13287,AT10,AT10-BRA-5-FO-4,AC-gliosis-hypoxia,AC-gliosis-like,36
13293,AT10,AT10-BRA-5-FO-4,NPC-OPC-like,OPC-NPC-like,4973
13294,AT10,AT10-BRA-5-FO-4,NPC-OPC-like,OPC-like,346
13295,AT10,AT10-BRA-5-FO-4,NPC-OPC-like,OPC-neuronal-like,3
13302,AT10,AT10-BRA-5-FO-4,NPC-neuronal-like,NPC-neuronal-like,376
13311,AT10,AT10-BRA-5-FO-4,Proliferative,Proliferative,375
15372,AT11,AT11-BRA-6-FO-1,AC-gliosis-hypoxia,AC-progenitor-like,1601
15373,AT11,AT11-BRA-6-FO-1,AC-gliosis-hypoxia,Hypoxic,195
15374,AT11,AT11-BRA-6-FO-1,AC-gliosis-hypoxia,Gliosis-like,58
15375,AT11,AT11-BRA-6-FO-1,AC-gliosis-hypoxia,AC-gliosis-like,54
15381,AT11,AT11-BRA-6-FO-1,NPC-OPC-like,OPC-NPC-like,8815
15382,AT11,AT11-BRA-6-FO-1,NPC-OPC-like,OPC-like,514
15383,AT11,AT11-BRA-6-FO-1,NPC-OPC-like,OPC-neuronal-like,56
15390,AT11,AT11-BRA-6-FO-1,NPC-neuronal-like,NPC-neuronal-like,3773
15399,AT11,AT11-BRA-6-FO-1,Proliferative,Proliferative,743
15408,AT11,AT11-BRA-6-FO-2,AC-gliosis-hypoxia,AC-progenitor-like,441
15409,AT11,AT11-BRA-6-FO-2,AC-gliosis-hypoxia,Hypoxic,81
15410,AT11,AT11-BRA-6-FO-2,AC-gliosis-hypoxia,AC-gliosis-like,8
15411,AT11,AT11-BRA-6-FO-2,AC-gliosis-hypoxia,Gliosis-like,5
15417,AT11,AT11-BRA-6-FO-2,NPC-OPC-like,OPC-NPC-like,2480
15418,AT11,AT11-BRA-6-FO-2,NPC-OPC-like,OPC-like,712
15419,AT11,AT11-BRA-6-FO-2,NPC-OPC-like,OPC-neuronal-like,13
15426,AT11,AT11-BRA-6-FO-2,NPC-neuronal-like,NPC-neuronal-like,182
15435,AT11,AT11-BRA-6-FO-2,Proliferative,Proliferative,151
15444,AT11,AT11-BRA-6-FO-3,AC-gliosis-hypoxia,AC-progenitor-like,1119
15445,AT11,AT11-BRA-6-FO-3,AC-gliosis-hypoxia,Hypoxic,353
15446,AT11,AT11-BRA-6-FO-3,AC-gliosis-hypoxia,Gliosis-like,37
15447,AT11,AT11-BRA-6-FO-3,AC-gliosis-hypoxia,AC-gliosis-like,27
15453,AT11,AT11-BRA-6-FO-3,NPC-OPC-like,OPC-NPC-like,8023
15454,AT11,AT11-BRA-6-FO-3,NPC-OPC-like,OPC-like,650
15455,AT11,AT11-BRA-6-FO-3,NPC-OPC-like,OPC-neuronal-like,12
15462,AT11,AT11-BRA-6-FO-3,NPC-neuronal-like,NPC-neuronal-like,76
15471,AT11,AT11-BRA-6-FO-3,Proliferative,Proliferative,973
15480,AT11,AT11-BRA-6-FO-4,AC-gliosis-hypoxia,AC-progenitor-like,1130
15481,AT11,AT11-BRA-6-FO-4,AC-gliosis-hypoxia,Hypoxic,293
15482,AT11,AT11-BRA-6-FO-4,AC-gliosis-hypoxia,AC-gliosis-like,72
15483,AT11,AT11-BRA-6-FO-4,AC-gliosis-hypoxia,Gliosis-like,32
15489,AT11,AT11-BRA-6-FO-4,NPC-OPC-like,OPC-NPC-like,6477
15490,AT11,AT11-BRA-6-FO-4,NPC-OPC-like,OPC-like,804
15491,AT11,AT11-BRA-6-FO-4,NPC-OPC-like,OPC-neuronal-like,26
15498,AT11,AT11-BRA-6-FO-4,NPC-neuronal-like,NPC-neuronal-like,116
15507,AT11,AT11-BRA-6-FO-4,Proliferative,Proliferative,884
17568,AT12,AT12-BRA-4-FO-1,AC-gliosis-hypoxia,AC-gliosis-like,4226
17569,AT12,AT12-BRA-4-FO-1,AC-gliosis-hypoxia,Hypoxic,1658
17570,AT12,AT12-BRA-4-FO-1,AC-gliosis-hypoxia,AC-progenitor-like,396
17571,AT12,AT12-BRA-4-FO-1,AC-gliosis-hypoxia,Gliosis-like,75
17577,AT12,AT12-BRA-4-FO-1,NPC-OPC-like,OPC-neuronal-like,4882
17578,AT12,AT12-BRA-4-FO-1,NPC-OPC-like,OPC-like,209
17579,AT12,AT12-BRA-4-FO-1,NPC-OPC-like,OPC-NPC-like,23
17586,AT12,AT12-BRA-4-FO-1,NPC-neuronal-like,NPC-neuronal-like,33
17595,AT12,AT12-BRA-4-FO-1,Proliferative,Proliferative,290
17604,AT12,AT12-BRA-4-FO-2,AC-gliosis-hypoxia,AC-gliosis-like,11989
17605,AT12,AT12-BRA-4-FO-2,AC-gliosis-hypoxia,Hypoxic,1526
17606,AT12,AT12-BRA-4-FO-2,AC-gliosis-hypoxia,AC-progenitor-like,116
17607,AT12,AT12-BRA-4-FO-2,AC-gliosis-hypoxia,Gliosis-like,94
17613,AT12,AT12-BRA-4-FO-2,NPC-OPC-like,OPC-like,463
17614,AT12,AT12-BRA-4-FO-2,NPC-OPC-like,OPC-neuronal-like,186
17615,AT12,AT12-BRA-4-FO-2,NPC-OPC-like,OPC-NPC-like,4
17622,AT12,AT12-BRA-4-FO-2,NPC-neuronal-like,NPC-neuronal-like,19
17631,AT12,AT12-BRA-4-FO-2,Proliferative,Proliferative,216
17640,AT12,AT12-BRA-4-FO-3,AC-gliosis-hypoxia,AC-gliosis-like,4978
17641,AT12,AT12-BRA-4-FO-3,AC-gliosis-hypoxia,Hypoxic,749
17642,AT12,AT12-BRA-4-FO-3,AC-gliosis-hypoxia,AC-progenitor-like,254
17643,AT12,AT12-BRA-4-FO-3,AC-gliosis-hypoxia,Gliosis-like,46
17649,AT12,AT12-BRA-4-FO-3,NPC-OPC-like,OPC-like,152
17650,AT12,AT12-BRA-4-FO-3,NPC-OPC-like,OPC-neuronal-like,25
17651,AT12,AT12-BRA-4-FO-3,NPC-OPC-like,OPC-NPC-like,3
17658,AT12,AT12-BRA-4-FO-3,NPC-neuronal-like,NPC-neuronal-like,11
17667,AT12,AT12-BRA-4-FO-3,Proliferative,Proliferative,445
17676,AT12,AT12-BRA-4-FO-4,AC-gliosis-hypoxia,AC-gliosis-like,611
17677,AT12,AT12-BRA-4-FO-4,AC-gliosis-hypoxia,AC-progenitor-like,36
17678,AT12,AT12-BRA-4-FO-4,AC-gliosis-hypoxia,Gliosis-like,4
17679,AT12,AT12-BRA-4-FO-4,AC-gliosis-hypoxia,Hypoxic,2
17685,AT12,AT12-BRA-4-FO-4,NPC-OPC-like,OPC-like,45
17686,AT12,AT12-BRA-4-FO-4,NPC-OPC-like,OPC-NPC-like,3
17694,AT12,AT12-BRA-4-FO-4,NPC-neuronal-like,NPC-neuronal-like,13
17703,AT12,AT12-BRA-4-FO-4,Proliferative,Proliferative,8
19764,AT13,AT13-BRA-3-FO-1,AC-gliosis-hypoxia,AC-progenitor-like,7
19765,AT13,AT13-BRA-3-FO-1,AC-gliosis-hypoxia,AC-gliosis-like,1
19766,AT13,AT13-BRA-3-FO-1,AC-gliosis-hypoxia,Hypoxic,1
19782,AT13,AT13-BRA-3-FO-1,NPC-neuronal-like,NPC-neuronal-like,1
19800,AT13,AT13-BRA-3-FO-2,AC-gliosis-hypoxia,Hypoxic,8
19801,AT13,AT13-BRA-3-FO-2,AC-gliosis-hypoxia,AC-progenitor-like,2
19802,AT13,AT13-BRA-3-FO-2,AC-gliosis-hypoxia,Gliosis-like,1
19809,AT13,AT13-BRA-3-FO-2,NPC-OPC-like,OPC-like,4
19818,AT13,AT13-BRA-3-FO-2,NPC-neuronal-like,NPC-neuronal-like,1
19836,AT13,AT13-BRA-3-FO-3,AC-gliosis-hypoxia,AC-progenitor-like,12325
19837,AT13,AT13-BRA-3-FO-3,AC-gliosis-hypoxia,AC-gliosis-like,1778
19838,AT13,AT13-BRA-3-FO-3,AC-gliosis-hypoxia,Hypoxic,1637
19839,AT13,AT13-BRA-3-FO-3,AC-gliosis-hypoxia,Gliosis-like,93
19845,AT13,AT13-BRA-3-FO-3,NPC-OPC-like,OPC-like,674
19846,AT13,AT13-BRA-3-FO-3,NPC-OPC-like,OPC-NPC-like,40
19854,AT13,AT13-BRA-3-FO-3,NPC-neuronal-like,NPC-neuronal-like,51
19863,AT13,AT13-BRA-3-FO-3,Proliferative,Proliferative,527
19872,AT13,AT13-BRA-3-FO-4,AC-gliosis-hypoxia,AC-progenitor-like,795
19873,AT13,AT13-BRA-3-FO-4,AC-gliosis-hypoxia,AC-gliosis-like,129
19874,AT13,AT13-BRA-3-FO-4,AC-gliosis-hypoxia,Hypoxic,100
19875,AT13,AT13-BRA-3-FO-4,AC-gliosis-hypoxia,Gliosis-like,5
19881,AT13,AT13-BRA-3-FO-4,NPC-OPC-like,OPC-like,169
19882,AT13,AT13-BRA-3-FO-4,NPC-OPC-like,OPC-NPC-like,4
19890,AT13,AT13-BRA-3-FO-4,NPC-neuronal-like,NPC-neuronal-like,10
19899,AT13,AT13-BRA-3-FO-4,Proliferative,Proliferative,24
21960,AT14,AT14-BRA-4-FO-2,AC-gliosis-hypoxia,AC-progenitor-like,4921
21961,AT14,AT14-BRA-4-FO-2,AC-gliosis-hypoxia,AC-gliosis-like,4542
21962,AT14,AT14-BRA-4-FO-2,AC-gliosis-hypoxia,Hypoxic,2920
21963,AT14,AT14-BRA-4-FO-2,AC-gliosis-hypoxia,Gliosis-like,278
21969,AT14,AT14-BRA-4-FO-2,NPC-OPC-like,OPC-like,3260
21970,AT14,AT14-BRA-4-FO-2,NPC-OPC-like,OPC-NPC-like,102
21971,AT14,AT14-BRA-4-FO-2,NPC-OPC-like,OPC-neuronal-like,10
21978,AT14,AT14-BRA-4-FO-2,NPC-neuronal-like,NPC-neuronal-like,788
21987,AT14,AT14-BRA-4-FO-2,Proliferative,Proliferative,1556
21996,AT14,AT14-BRA-4-FO-4,AC-gliosis-hypoxia,AC-progenitor-like,1087
21997,AT14,AT14-BRA-4-FO-4,AC-gliosis-hypoxia,AC-gliosis-like,918
21998,AT14,AT14-BRA-4-FO-4,AC-gliosis-hypoxia,Hypoxic,110
21999,AT14,AT14-BRA-4-FO-4,AC-gliosis-hypoxia,Gliosis-like,25
22005,AT14,AT14-BRA-4-FO-4,NPC-OPC-like,OPC-like,81
22006,AT14,AT14-BRA-4-FO-4,NPC-OPC-like,OPC-NPC-like,5
22007,AT14,AT14-BRA-4-FO-4,NPC-OPC-like,OPC-neuronal-like,5
22014,AT14,AT14-BRA-4-FO-4,NPC-neuronal-like,NPC-neuronal-like,167
22023,AT14,AT14-BRA-4-FO-4,Proliferative,Proliferative,377
24084,AT15,AT15-BRA-4-FO-A2,AC-gliosis-hypoxia,AC-progenitor-like,470
24085,AT15,AT15-BRA-4-FO-A2,AC-gliosis-hypoxia,Hypoxic,331
24086,AT15,AT15-BRA-4-FO-A2,AC-gliosis-hypoxia,Gliosis-like,80
24087,AT15,AT15-BRA-4-FO-A2,AC-gliosis-hypoxia,AC-gliosis-like,48
24093,AT15,AT15-BRA-4-FO-A2,NPC-OPC-like,OPC-like,1453
24094,AT15,AT15-BRA-4-FO-A2,NPC-OPC-like,OPC-neuronal-like,43
24095,AT15,AT15-BRA-4-FO-A2,NPC-OPC-like,OPC-NPC-like,26
24102,AT15,AT15-BRA-4-FO-A2,NPC-neuronal-like,NPC-neuronal-like,13166
24111,AT15,AT15-BRA-4-FO-A2,Proliferative,Proliferative,1557
24120,AT15,AT15-BRA-4-FO-B2,AC-gliosis-hypoxia,Hypoxic,588
24121,AT15,AT15-BRA-4-FO-B2,AC-gliosis-hypoxia,AC-progenitor-like,465
24122,AT15,AT15-BRA-4-FO-B2,AC-gliosis-hypoxia,Gliosis-like,312
24123,AT15,AT15-BRA-4-FO-B2,AC-gliosis-hypoxia,AC-gliosis-like,92
24129,AT15,AT15-BRA-4-FO-B2,NPC-OPC-like,OPC-like,332
24130,AT15,AT15-BRA-4-FO-B2,NPC-OPC-like,OPC-NPC-like,265
24131,AT15,AT15-BRA-4-FO-B2,NPC-OPC-like,OPC-neuronal-like,93
24138,AT15,AT15-BRA-4-FO-B2,NPC-neuronal-like,NPC-neuronal-like,5472
24147,AT15,AT15-BRA-4-FO-B2,Proliferative,Proliferative,1273
24156,AT15,AT15-BRA-4-FO-B3,AC-gliosis-hypoxia,Hypoxic,1163
24157,AT15,AT15-BRA-4-FO-B3,AC-gliosis-hypoxia,AC-progenitor-like,936
24158,AT15,AT15-BRA-4-FO-B3,AC-gliosis-hypoxia,Gliosis-like,255
24159,AT15,AT15-BRA-4-FO-B3,AC-gliosis-hypoxia,AC-gliosis-like,218
24165,AT15,AT15-BRA-4-FO-B3,NPC-OPC-like,OPC-like,2068
24166,AT15,AT15-BRA-4-FO-B3,NPC-OPC-like,OPC-NPC-like,929
24167,AT15,AT15-BRA-4-FO-B3,NPC-OPC-like,OPC-neuronal-like,225
24174,AT15,AT15-BRA-4-FO-B3,NPC-neuronal-like,NPC-neuronal-like,14766
24183,AT15,AT15-BRA-4-FO-B3,Proliferative,Proliferative,2289
24192,AT15,AT15-BRA-4-FO-C2,AC-gliosis-hypoxia,Hypoxic,663
24193,AT15,AT15-BRA-4-FO-C2,AC-gliosis-hypoxia,AC-progenitor-like,299
24194,AT15,AT15-BRA-4-FO-C2,AC-gliosis-hypoxia,AC-gliosis-like,161
24195,AT15,AT15-BRA-4-FO-C2,AC-gliosis-hypoxia,Gliosis-like,118
24201,AT15,AT15-BRA-4-FO-C2,NPC-OPC-like,OPC-like,916
24202,AT15,AT15-BRA-4-FO-C2,NPC-OPC-like,OPC-neuronal-like,141
24203,AT15,AT15-BRA-4-FO-C2,NPC-OPC-like,OPC-NPC-like,113
24210,AT15,AT15-BRA-4-FO-C2,NPC-neuronal-like,NPC-neuronal-like,8326
24219,AT15,AT15-BRA-4-FO-C2,Proliferative,Proliferative,1085
24228,AT15,AT15-BRA-4-FO-C3,AC-gliosis-hypoxia,AC-progenitor-like,1149
24229,AT15,AT15-BRA-4-FO-C3,AC-gliosis-hypoxia,Hypoxic,621
24230,AT15,AT15-BRA-4-FO-C3,AC-gliosis-hypoxia,Gliosis-like,78
24231,AT15,AT15-BRA-4-FO-C3,AC-gliosis-hypoxia,AC-gliosis-like,66
24237,AT15,AT15-BRA-4-FO-C3,NPC-OPC-like,OPC-NPC-like,596
24238,AT15,AT15-BRA-4-FO-C3,NPC-OPC-like,OPC-like,438
24239,AT15,AT15-BRA-4-FO-C3,NPC-OPC-like,OPC-neuronal-like,156
24246,AT15,AT15-BRA-4-FO-C3,NPC-neuronal-like,NPC-neuronal-like,12704
24255,AT15,AT15-BRA-4-FO-C3,Proliferative,Proliferative,1676
24264,AT15,AT15-BRA-4-FO-D1,AC-gliosis-hypoxia,AC-progenitor-like,343
24265,AT15,AT15-BRA-4-FO-D1,AC-gliosis-hypoxia,Hypoxic,250
24266,AT15,AT15-BRA-4-FO-D1,AC-gliosis-hypoxia,AC-gliosis-like,65
24267,AT15,AT15-BRA-4-FO-D1,AC-gliosis-hypoxia,Gliosis-like,53
24273,AT15,AT15-BRA-4-FO-D1,NPC-OPC-like,OPC-like,107
24274,AT15,AT15-BRA-4-FO-D1,NPC-OPC-like,OPC-NPC-like,51
24275,AT15,AT15-BRA-4-FO-D1,NPC-OPC-like,OPC-neuronal-like,48
24282,AT15,AT15-BRA-4-FO-D1,NPC-neuronal-like,NPC-neuronal-like,6417
24291,AT15,AT15-BRA-4-FO-D1,Proliferative,Proliferative,1089
24300,AT15,AT15-BRA-4-FO-D2,AC-gliosis-hypoxia,Gliosis-like,76
24301,AT15,AT15-BRA-4-FO-D2,AC-gliosis-hypoxia,AC-progenitor-like,71
24302,AT15,AT15-BRA-4-FO-D2,AC-gliosis-hypoxia,AC-gliosis-like,48
24303,AT15,AT15-BRA-4-FO-D2,AC-gliosis-hypoxia,Hypoxic,45
24309,AT15,AT15-BRA-4-FO-D2,NPC-OPC-like,OPC-like,23
24310,AT15,AT15-BRA-4-FO-D2,NPC-OPC-like,OPC-neuronal-like,9
24318,AT15,AT15-BRA-4-FO-D2,NPC-neuronal-like,NPC-neuronal-like,112
24327,AT15,AT15-BRA-4-FO-D2,Proliferative,Proliferative,370
24336,AT15,AT15-BRA-4-FO-D3,AC-gliosis-hypoxia,AC-progenitor-like,355
24337,AT15,AT15-BRA-4-FO-D3,AC-gliosis-hypoxia,Hypoxic,165
24338,AT15,AT15-BRA-4-FO-D3,AC-gliosis-hypoxia,Gliosis-like,38
24339,AT15,AT15-BRA-4-FO-D3,AC-gliosis-hypoxia,AC-gliosis-like,36
24345,AT15,AT15-BRA-4-FO-D3,NPC-OPC-like,OPC-NPC-like,250
24346,AT15,AT15-BRA-4-FO-D3,NPC-OPC-like,OPC-like,151
24347,AT15,AT15-BRA-4-FO-D3,NPC-OPC-like,OPC-neuronal-like,45
24354,AT15,AT15-BRA-4-FO-D3,NPC-neuronal-like,NPC-neuronal-like,4158
24363,AT15,AT15-BRA-4-FO-D3,Proliferative,Proliferative,1054
24372,AT15,AT15-BRA-4-FO-E1,AC-gliosis-hypoxia,AC-progenitor-like,20
24373,AT15,AT15-BRA-4-FO-E1,AC-gliosis-hypoxia,Hypoxic,3
24374,AT15,AT15-BRA-4-FO-E1,AC-gliosis-hypoxia,Gliosis-like,1
24381,AT15,AT15-BRA-4-FO-E1,NPC-OPC-like,OPC-NPC-like,8
24382,AT15,AT15-BRA-4-FO-E1,NPC-OPC-like,OPC-like,4
24383,AT15,AT15-BRA-4-FO-E1,NPC-OPC-like,OPC-neuronal-like,1
24390,AT15,AT15-BRA-4-FO-E1,NPC-neuronal-like,NPC-neuronal-like,23
24399,AT15,AT15-BRA-4-FO-E1,Proliferative,Proliferative,48
24408,AT15,AT15-BRA-4-FO-E2,AC-gliosis-hypoxia,AC-progenitor-like,13
24409,AT15,AT15-BRA-4-FO-E2,AC-gliosis-hypoxia,Hypoxic,12
24410,AT15,AT15-BRA-4-FO-E2,AC-gliosis-hypoxia,Gliosis-like,6
24411,AT15,AT15-BRA-4-FO-E2,AC-gliosis-hypoxia,AC-gliosis-like,1
24417,AT15,AT15-BRA-4-FO-E2,NPC-OPC-like,OPC-like,15
24418,AT15,AT15-BRA-4-FO-E2,NPC-OPC-like,OPC-neuronal-like,5
24419,AT15,AT15-BRA-4-FO-E2,NPC-OPC-like,OPC-NPC-like,2
24426,AT15,AT15-BRA-4-FO-E2,NPC-neuronal-like,NPC-neuronal-like,69
24435,AT15,AT15-BRA-4-FO-E2,Proliferative,Proliferative,12
24444,AT15,AT15-BRA-4-FO-E3,AC-gliosis-hypoxia,Gliosis-like,75
24445,AT15,AT15-BRA-4-FO-E3,AC-gliosis-hypoxia,AC-progenitor-like,66
24446,AT15,AT15-BRA-4-FO-E3,AC-gliosis-hypoxia,Hypoxic,44
24447,AT15,AT15-BRA-4-FO-E3,AC-gliosis-hypoxia,AC-gliosis-like,23
24453,AT15,AT15-BRA-4-FO-E3,NPC-OPC-like,OPC-like,72
24454,AT15,AT15-BRA-4-FO-E3,NPC-OPC-like,OPC-NPC-like,10
24455,AT15,AT15-BRA-4-FO-E3,NPC-OPC-like,OPC-neuronal-like,2
24462,AT15,AT15-BRA-4-FO-E3,NPC-neuronal-like,NPC-neuronal-like,446
24471,AT15,AT15-BRA-4-FO-E3,Proliferative,Proliferative,769
24480,AT15,AT15-BRA-4-FO-F1,AC-gliosis-hypoxia,AC-progenitor-like,19
24481,AT15,AT15-BRA-4-FO-F1,AC-gliosis-hypoxia,Hypoxic,4
24489,AT15,AT15-BRA-4-FO-F1,NPC-OPC-like,OPC-NPC-like,7
24490,AT15,AT15-BRA-4-FO-F1,NPC-OPC-like,OPC-like,7
24498,AT15,AT15-BRA-4-FO-F1,NPC-neuronal-like,NPC-neuronal-like,52
24507,AT15,AT15-BRA-4-FO-F1,Proliferative,Proliferative,99
24516,AT15,AT15-BRA-4-FO-F2,AC-gliosis-hypoxia,Hypoxic,124
24517,AT15,AT15-BRA-4-FO-F2,AC-gliosis-hypoxia,Gliosis-like,111
24518,AT15,AT15-BRA-4-FO-F2,AC-gliosis-hypoxia,AC-progenitor-like,91
24519,AT15,AT15-BRA-4-FO-F2,AC-gliosis-hypoxia,AC-gliosis-like,55
24525,AT15,AT15-BRA-4-FO-F2,NPC-OPC-like,OPC-like,65
24526,AT15,AT15-BRA-4-FO-F2,NPC-OPC-like,OPC-NPC-like,31
24527,AT15,AT15-BRA-4-FO-F2,NPC-OPC-like,OPC-neuronal-like,23
24534,AT15,AT15-BRA-4-FO-F2,NPC-neuronal-like,NPC-neuronal-like,652
24543,AT15,AT15-BRA-4-FO-F2,Proliferative,Proliferative,512
24552,AT15,AT15-BRA-4-FO-G1,AC-gliosis-hypoxia,AC-progenitor-like,451
24553,AT15,AT15-BRA-4-FO-G1,AC-gliosis-hypoxia,Hypoxic,448
24554,AT15,AT15-BRA-4-FO-G1,AC-gliosis-hypoxia,AC-gliosis-like,128
24555,AT15,AT15-BRA-4-FO-G1,AC-gliosis-hypoxia,Gliosis-like,81
24561,AT15,AT15-BRA-4-FO-G1,NPC-OPC-like,OPC-like,11162
24562,AT15,AT15-BRA-4-FO-G1,NPC-OPC-like,OPC-NPC-like,445
24563,AT15,AT15-BRA-4-FO-G1,NPC-OPC-like,OPC-neuronal-like,113
24570,AT15,AT15-BRA-4-FO-G1,NPC-neuronal-like,NPC-neuronal-like,9801
24579,AT15,AT15-BRA-4-FO-G1,Proliferative,Proliferative,1160
24588,AT15,AT15-BRA-4-FO-G2,AC-gliosis-hypoxia,Hypoxic,288
24589,AT15,AT15-BRA-4-FO-G2,AC-gliosis-hypoxia,Gliosis-like,202
24590,AT15,AT15-BRA-4-FO-G2,AC-gliosis-hypoxia,AC-progenitor-like,194
24591,AT15,AT15-BRA-4-FO-G2,AC-gliosis-hypoxia,AC-gliosis-like,64
24597,AT15,AT15-BRA-4-FO-G2,NPC-OPC-like,OPC-like,228
24598,AT15,AT15-BRA-4-FO-G2,NPC-OPC-like,OPC-NPC-like,75
24599,AT15,AT15-BRA-4-FO-G2,NPC-OPC-like,OPC-neuronal-like,46
24606,AT15,AT15-BRA-4-FO-G2,NPC-neuronal-like,NPC-neuronal-like,4485
24615,AT15,AT15-BRA-4-FO-G2,Proliferative,Proliferative,1514
