,AT6_1,AT12_0,AT14_3,AT7_1,AT12_5,AT11_15,AT5_7,AT3_0,AT6_14,AT3_8,AT7_9,AT6_15,AT10_13,AT9_7,AT14_0,AT4_1,AT13_9,AT15_10,AT10_1,AT12_3,AT15_7,AT6_0,AT7_13,AT14_11,AT4_0,AT5_3,AT3_6,AT5_11,AT4_5,AT13_15,AT10_7,AT9_11,AT5_8,AT14_15,AT3_7,AT12_1,AT3_9,AT9_15,AT10_8,AT10_9,AT11_0,AT7_3,AT6_4,AT4_15,AT6_6,AT9_8,AT7_12,AT4_12,AT11_10,AT13_1,AT7_14,AT3_1,AT14_6,AT6_9,AT12_15,AT10_11,AT7_4,AT5_4,AT5_0,AT9_12,AT4_13,AT6_13,AT14_1,AT10_12,AT3_15,AT15_1,AT14_9,AT15_9,AT5_13,AT5_14,AT12_10,AT6_7,AT9_3,AT4_2,AT10_6,AT11_12,AT7_8,AT4_3,AT15_8,AT9_6,AT7_10,AT3_10,AT3_14,AT6_11,AT7_11,AT15_5,AT9_9,AT14_12,AT12_13,AT12_2,AT11_5,AT14_8,AT12_7,AT11_8,AT10_14,AT13_11,AT11_14,AT15_4,AT9_2,AT5_2,AT15_12,AT11_1,AT14_10,AT4_6,AT9_1,AT13_3,AT12_4,AT5_10,AT7_2,AT10_0,AT12_12,AT15_2,AT3_4,AT6_3,AT7_15,AT15_11,AT14_2,AT3_13,AT14_13,AT9_0,AT7_0,AT9_5,AT4_9,AT4_8,AT14_5,AT5_15,AT6_5,AT6_10,AT10_3,AT13_6,AT13_7,AT3_5,AT7_5,AT11_9,AT5_9,AT4_7,AT5_12,AT9_4,AT10_2,AT3_3,AT10_5,AT9_13,AT9_10,AT4_10,AT11_3,AT11_2,AT10_10,AT15_0,AT6_8,AT14_7,AT13_0,AT5_1,AT4_4,AT13_2,AT14_14,AT9_14,AT12_8,AT10_4,AT13_13,AT6_2,AT7_7,AT10_15,AT7_6,AT11_11,AT15_15,AT13_4,AT15_3,AT12_11,AT15_13,AT6_12,AT12_6,AT5_6,AT12_9,AT13_10,AT13_12,AT13_14,AT3_12,AT15_6,AT3_11,AT4_11,AT11_6,AT11_13,AT13_5,AT4_14,AT13_8,AT3_2,AT14_4,AT11_4,AT15_14,AT12_14,AT11_7,AT5_5
Hypoxic 1 (cell state),0.7954649740142378,0.9014701961854024,0.0858445834837775,0.8163063950319048,0.0381529008840175,0.0481633957421971,0.0,0.1444670117829647,0.0927359521131698,0.8397698688116749,0.0081003699327592,0.0762992955702801,0.0,0.6714206665070613,0.7273469788326951,0.6318571125440173,0.9460324553700348,0.54352015,0.6934954030855552,0.0250334045503265,0.34456345,0.0028817016002008,0.1625418976105877,0.0332144039222833,0.0179394318142483,0.0,0.0013921303947857,0.6622733354889512,0.0,0.0,0.1655579900727166,0.2538424065012493,0.0,0.0333896760005245,0.0021669227452372,0.0064931661451559,5.0699160709948574e-05,0.0,0.0,0.0,0.0139458548045247,0.0009422863955352,0.0,0.3009834113849503,0.028328684677752,0.070411009853359,0.0034201052036047,0.0,0.0306284080390784,0.0006125743951366,0.0,0.0,0.0,0.0,0.0,0.0,0.0006439423133867,0.0,0.0,0.0,0.0,0.0,0.0,0.0077499801336407,0.0,0.0,0.0018410213585364,0.0,0.0,0.0,0.0053143225494376,0.0005995192603304,0.0016158364157098,0.0,0.0031752185114244,0.045169071886976,0.0020834028170902,0.0,0.0,0.0004190952060908,0.0,0.0,0.0,0.0,0.0,0.0,0.0,0.0,0.0,0.0232858655614445,0.0182560720305536,0.0,0.0,0.0,0.0,0.0094548424757548,0.034103700292512,0.0,0.0021051294974266,0.1956707887504986,0.10121317,0.2595740080201128,0.0024687072578561,0.0035204799385976,0.0,0.009659537185868,0.0,0.0,0.0003127183751384,0.0,1.1747168297233218e-05,0.0,0.0016058332224027,0.0,0.001178236753776,0.0,0.1074420612332453,0.0,0.0078374740221688,0.000185856019103,0.0023949702308803,0.0,0.037407301013173,0.0082922633050135,0.0003231549527276,0.1137152604785897,0.0004673827843109,0.0032224899797178,0.0233510822468236,0.0,0.0011012240534702,0.0070255744226543,0.0,0.0882253536272877,0.0283406152819603,0.0,0.0,0.0,0.0627584084774837,0.0,0.0287359573115672,0.0,0.0,0.0,0.3541835059660559,0.0010704143248832,0.0151759601607883,0.0,0.0,0.0,0.0003820400427536,0.0,0.0,0.0002824389297003,0.0002919389361847,0.0,0.0,0.0,0.0024848708565724,0.0,0.0007125649354415,0.0,0.0013631103998947,0.0283051096754164,0.0,0.0017665009803862,0.0044407444,0.0,0.0062625105,0.0,0.0,0.0,0.0,0.0046788308024108,0.0033411431893079,0.0045079178604347,0.0,0.0,0.0,0.0,0.0363470950519361,0.02863221973688,0.0058953572630902,0.0,0.0098002665950788,0.0035219594595703,0.0,0.0,0.0,0.0002383969559182,0.0133957908015853,0.0
Stress-response TAMs,0.0689652238606538,0.0163263040268392,0.76839328465622,0.0940461621987703,0.7855457694014791,0.0,0.3341648339990525,0.8937470000575194,0.1062384510549251,0.0409684795437907,0.8470987716073815,0.7958580504674907,0.44198663875021,0.4853684122588507,0.0518921405323001,0.0,0.2744870624042872,0.8968453,0.5097695458617494,0.0243556330423177,0.098764844,0.0,0.0,0.0,0.155838835500365,0.1720996336331084,0.0017312456094196,0.4210138686202254,0.0,0.0,0.0,0.0,0.0,0.0287341753873914,0.0009044192931275,0.0171373107306766,9.954190340750945e-05,0.4906129370163669,0.0254532551627499,0.0092903225328265,0.0,0.0,0.0,0.0,0.0051830867077377,0.0,0.0,0.0,0.0,0.2326091370920688,0.0,0.0235150355699215,0.0,0.0023108330414296,0.0048140634277067,0.0,0.0013167181784221,0.0,0.0,0.0240186507247822,0.0,0.0,0.0218150569006198,0.0,0.0,0.0,0.0005260297032172,0.0,0.0,0.0,0.0093239647440519,0.000703600929944,0.0,0.0,0.0004734850842314,0.0,0.0,0.0,0.0,0.0,0.0,0.0006888944659044,0.0097353669619691,0.0,0.0,0.0,0.0,0.0033176017817034,0.0,0.0742611586085378,0.0,0.002520070934104,0.0226238987268404,0.0,0.0,0.045642834127841,0.0,0.0009011871,0.0,0.0,0.0,0.0,0.0100803260461788,0.0123478869915247,0.0,0.0137447273178875,0.0065929149503322,0.0,0.0061001676852249,0.0043643235206418,0.0065740646598384,0.0,0.0021493033176368,0.0011190842396494,0.0153766926684094,0.0021777237,0.0565986951622588,0.0,0.0059175133036718,0.0,0.0242871464219577,0.0,0.8050079216868521,0.0268053558212579,0.0197691116335017,0.0702285533812682,0.0,0.0196216696981694,0.0,0.1112178295424975,0.0224738608019296,0.0049544858175325,0.0,0.0,0.0,0.0,0.0,0.0,0.0,0.0,0.0,0.0,0.0,0.0,0.0,0.0,0.0,0.001310912,0.0,0.0005808135945234,0.0103517554521648,0.0024931103663453,0.0,0.0049970945900116,0.0006292109873231,0.0,0.0086719044240744,0.0086624290875909,0.0794043587815584,0.0,0.0094193728125326,0.0,0.0023549684273011,0.0,0.0,0.0,0.0,0.0055661307320482,0.0,0.0,0.0051353146090702,0.0,0.0017050984150953,0.0098791998495234,0.007285486957292,0.009591194900715,0.0001379494884833,0.0,0.0,0.0,0.0,0.0,0.1473084559247853,0.0,0.0310070022574374,0.0213682779712874,0.0292259693769859,0.0,0.0,0.0113664695010914,0.0,0.0
Angiogenic TAMs,0.0592882720047909,0.0468497459518863,0.4974463195247025,0.0,0.7154443880789257,0.5246862115602532,0.8528612319158695,0.3659546780743279,0.8565952369665094,0.0376596290046267,0.8384093198518978,0.0326937739714053,0.7663531426564564,0.0750655993593039,0.0,0.0,0.1383196172719415,0.81688124,0.0,0.0698597688423119,0.16873401,0.0135875907381629,0.0192756262781791,0.1787183389214181,0.13165548088759,0.0723548465599014,0.1874539628472836,0.065300182497914,0.0,0.2658804065332141,0.0855727173265843,0.0,0.0,0.1075260273954153,0.0,0.0,0.0,0.8553831994916772,0.0943195441240865,0.0247292280662403,0.0217311255233312,0.1048896907295013,0.0028884575493396,0.026881684949013,0.0031420605618015,0.0172846078859487,0.0,0.0,0.2048590952394318,0.221423684704334,0.0,0.3510950915790998,0.0,0.0169022457377708,0.1184020229385086,0.0253927352889409,0.0,0.0,0.0,0.0352623037752724,0.0,0.0052187764294267,0.0997390843406017,0.0,0.0,0.0,0.0032256791830866,0.0,0.0,0.0,0.0106839062640712,0.0,0.0,0.0,0.0,0.0099084838408419,0.0,0.0,0.0,0.0,0.0017503114715621,0.0,0.0287217323113323,0.006371615005743,0.0335118956752344,0.0016506414,0.0,0.0680489316203769,0.0,0.0,0.0123064793578354,0.0085958129861711,0.0131522900990245,0.0544442728978011,0.0,0.0850557692699862,0.0,0.0,0.0,0.0,0.0,0.0524695723311665,0.0,0.0,0.0,0.1095522920736241,0.0129599200117253,0.0,0.0,0.0,0.0,0.0,0.0,0.0025932482681338,0.0,0.011425917,0.0187567204276022,0.0,0.0,0.0,0.0,0.016650776809184,0.8393877572423096,0.0020750769210873,0.0,0.0038892891891364,0.0,0.0,0.0026412385357623,0.0453595708881872,0.0,0.0,0.0008677044678298,0.015164355341459,0.0014868353287276,0.0,0.0,0.0,0.0009913940019291,0.0019491171341454,0.0,0.0,0.0003535126786136,0.0,0.0,0.0049851510766563,0.0,0.0013082278,0.0001655120121704,0.0,0.0043249779620187,0.0041076145084509,0.0,0.0067840021843054,0.0,0.0,0.0061914060518896,0.0,0.0098992426444698,7.638736783845987e-05,0.0012954515257952,0.0,0.0,0.0114668125849335,0.0,0.0,0.0,0.000422021899422,0.0,0.0004768233869065,0.0007091873767923,0.0,0.0004169394387433,0.0019165012486262,0.0016524756121671,0.0021329200015772,0.0,0.0,0.0,0.0,0.0,0.0488791804535957,0.0918621222686969,0.0,0.0158364173368508,0.027165789049184,0.0179430856006254,0.0340803735492594,0.0,0.0049084030466988,0.0050188862434344,0.0
Gliosis-like,0.0433040948480713,0.0045235401929576,0.0051926081808174,0.1122301369638391,0.0,0.1834148582416004,0.1857863406244039,0.0083317249504085,0.013085564276114,0.0052789316027323,0.0314163350348585,0.0,0.1104731322868973,0.2046370401511422,0.035539004165494,0.0,0.1518347633756463,0.160737,0.2867388402774521,0.5736181862398134,0.8163151,0.7955799764181384,0.8168120115773938,0.7348274027776813,0.5072195097565734,0.4177024707115662,0.8348544250134459,0.3334245206769251,0.3699311186844521,0.7659438780658802,0.5891661637618173,0.7423376457438725,0.0,0.0426665140812092,0.0,0.1592267875454358,0.0010636013790127,0.0298042627287382,0.0133234728630649,0.0,0.133131759800288,0.0228486835896189,0.1445712678087063,0.0009460200043204,0.0,0.0,0.0085949638098376,0.1216897944635596,0.0,0.0,0.0,0.0,0.0,0.0,0.003731643443315,0.0,0.0,0.0,0.0,0.0,0.0,0.0,0.0016842089464824,0.0,0.0019798072562001,0.0,0.0079216263067912,0.0,0.0,0.0,1.093547669049824e-05,0.0008189576928774,0.0,0.0,4.273505288190332e-06,0.0051918460199899,0.0006514755086854,0.0,0.0,0.0,0.0023009402712142,0.0001648383521756,0.0010905087119586,0.0,0.004124904640657,0.0011508692,0.0,0.0,0.1017149811603423,0.0,0.0076459143401972,0.0,0.0,0.0,0.0,0.0,0.00707393294598,0.00038101617,0.0,0.0340366191359009,0.0,0.4903006089028136,0.0053465810882539,0.0,0.0108449519501628,0.0058222982770317,0.0,0.0058309986491058,0.0,0.0002941173054799,0.1570910753381221,0.001402509,0.1189425782248356,0.0,0.0002164547448279,0.019489607,0.1530636392214277,0.0231918398947651,0.0043797013947407,0.0,0.0,0.0016882905394779,0.0,0.0,0.0,0.0179894548999372,0.001045669015091,0.0015944699410013,0.0,0.0763990602814417,0.0,0.0023202683863355,6.322508030299787e-05,0.0201234991331336,0.0043075681663861,0.0,0.0004621094870483,0.0055183578651844,0.0,0.0,0.0,0.0015376455627386,0.0036318054586831,0.0,0.0455121837983193,0.0049376327245993,0.0,0.00052387756,0.0,0.0024352296309754,0.0,0.0004599176487262,0.0,0.0,0.0,0.0,0.0,0.0,0.0,0.0,0.0007408687787642,0.0,0.0,0.0020720271168451,0.0,0.0,0.0,0.0,0.0,0.0,8.285060332320884e-05,0.0,0.0,0.0,0.0,0.0,0.0,0.0,0.0027814762281297,0.0002135570910941,0.0064445552381236,0.0,0.0,0.0,0.0,0.0,0.0069434842061265,0.048970079750961,0.0,0.0,0.0451811019871484,0.0
AC-gliosis-like 1,0.0,0.0,0.0,0.0002149640157913,0.0,0.0064295495284133,0.2640030271461624,0.0,0.0,0.0,0.0,0.0,0.0,0.0,0.0047823158557326,0.0,0.0,0.0,0.0,0.155233045965027,0.4653656,0.025013181521722,0.0,0.0458214740045181,0.2105947328973658,0.1760820938912534,0.0228112394943033,0.0,0.7599929577537341,0.7665764810704198,0.0059577599390858,0.0420445552862156,0.0,0.6824990058732142,0.8511544373864285,0.6640431731374197,3.566724881584346e-05,0.4751770483639378,0.9088434454249488,0.0100647634706513,0.5936932885866546,0.9065522202691808,0.8145585472067179,0.0039094429199014,0.1540594006747991,0.0110652858146477,0.0447986630257147,0.0,0.0161861478175357,0.0044399491135341,0.0,0.0,0.0,0.0003123819596936,0.0102137603077634,0.064613103226872,0.0,0.0,0.0816030313525226,0.0,0.0,0.0013114128329286,0.0025957519761557,0.0077360119140799,0.0259322220428017,0.034622293,0.0003516519039906,0.0,0.0,0.0,0.0018451793549279,0.0002329429652177,0.0,0.0,0.0,0.0023106178400827,0.0332264967847762,0.0,0.002972756,0.0340497323544322,0.0,0.0,0.0,0.001765461627542,0.0029570333865436,0.043168064,0.0,0.0,0.0328371535653296,0.0,0.0,0.0,0.0009688469665475,0.0667780919626979,0.0,0.0145441052798037,8.91240946269606e-05,0.00044850464,0.0099308256525969,0.4353741560005117,0.0,0.2047841912788944,0.0,0.0190698325269185,0.4277325525281696,0.1922789135054469,0.0015216543266448,0.0044695425074004,0.0042598923828783,0.0,0.1328493265302171,0.0,0.0452326884657131,0.002043561825318,0.003974526116814,0.4534228,0.2503448000833968,0.0410991462769664,0.0,0.0,0.0,0.0,0.0,0.0064330339020799,0.0,0.0384681491021493,0.0002996994927468,0.0,0.0027849160243621,0.0,0.0,0.00208987917226,0.0,1.2791855719999817e-05,0.0,0.0,0.0,0.0,0.0,0.0,0.0,0.0,0.0,0.0,0.0076249466644267,0.0,0.0,0.0,0.0,0.0012394044077345,0.0,0.0,0.0,0.0,0.0,0.0,0.0,0.0,0.0045956686525673,0.0,0.0011155524925993,0.0,0.0029006515257015,0.0,0.0,0.0005588830998196,0.0,0.0,0.0,0.0004034098933139,0.0,0.0,0.0,0.0020439460255896,0.0015368766988418,0.001229593239615,0.0,0.0,0.0030002830433339,0.0,0.0,0.0261424416875139,0.0012917242499139,0.0,0.0109038590644479,0.0086444368693768,0.0123655958952572,0.0406048436261462,0.0,0.0004878598461225,0.0353439650572871,0.0
Hypoxic 2 (cell state),0.0,0.0253811064039207,0.0,0.0,0.0,0.2537369702828174,0.0,0.0,0.0,0.0966508044972359,0.0006849376904657,0.0,0.0,0.0569827769135421,0.0295232772968314,0.0,0.0,0.0,0.0,0.066487640019166,0.5368263,0.0269872136643413,0.0007247268405421,0.0599111227137591,0.0,0.2566522139402618,0.4802672039283906,0.6691885174628959,0.0087431037236559,0.4780670510389468,0.3745135003855864,0.1929768180324047,0.0,0.0120846993759971,0.1964353738537401,0.1682067632650689,0.0085568262581804,0.0046030465508701,0.0161193761606271,0.0,0.0,0.0111072127174682,0.0,0.9661875699107888,0.9614496721289086,0.6999464552351582,0.9013798287513692,0.0022966317720082,0.0,0.0,0.0,0.0437202280548615,0.0,0.0,0.0,0.0612733193026412,0.0,0.0,0.0155739341020508,0.0,0.0019201330234868,0.0005807179599255,0.0013747479571226,0.0458904803791063,0.0,0.0,0.0,0.0,0.0,0.0,0.2153554754992265,0.0,0.0027426406788119,0.005052531175831,0.0067134988878362,0.0,0.0724503961817487,0.000158796210764,0.0,0.0,0.0,0.0,0.0,0.0048186390818058,0.0023096340550445,0.0,0.0,0.0,0.0,0.0893281848186352,0.0,0.0,0.0,0.0,0.0,0.0028171678832923,0.0109502822486925,0.02306134,0.0,0.0273295257184682,0.17940836,0.2864926356059753,0.0232162880847825,0.0040573809973857,0.0091618020237701,0.3884694825128053,0.1369914814980138,0.0309462815027799,0.0038406903230741,0.0165062687184114,0.2982493484959687,0.0,0.0478990269290669,0.0,0.0030192927249454,0.26070395,0.4199128433996379,0.0,0.4408393074351365,0.0,0.0,0.0,0.0,0.0,0.0018398538144558,0.0,0.0061637571650187,0.0,0.0334996347492801,0.0,0.0066779629148725,0.0,0.0015037412093038,0.0232821417570649,0.0,0.0114097742966626,0.0003095272735432,0.0308860417642475,0.0,0.0,0.2435520437241556,0.000740108798281,0.001960310002914,0.0,0.3721931919163616,0.0045671098615686,0.1191366248714016,0.0,0.0,0.0,0.0007845068575823,0.0,0.0,0.0052260879189219,0.0,0.0,0.0,0.0827952528209537,0.00731394995454,0.0,0.0017418038176641,0.0,0.0012377356883737,0.0016032509844107,0.0,0.0034611044063254,0.0,0.0,0.0,0.0,0.0,0.0,0.0,0.0116725569473591,0.0128023081191427,0.0068000765727792,0.0,0.0,0.0,0.0001740788894164,0.0,0.0,0.0168957709506946,0.0,0.0590119739227372,0.1264705364785244,0.0112978599222769,0.0,0.0,0.0,0.0471744173431087,0.0
Proliferative TAMs,0.0,0.0,0.0224860326271677,0.0,0.0,0.0,0.0649042754112026,0.0958876530259418,0.0169272756156692,0.0,0.0324678815641079,0.0,0.0043651262251267,0.0,0.0,0.0,0.0,0.011710407,0.0,0.0684520519772685,0.0,0.0,0.0,0.0,0.0072222916290772,0.0,0.0665209014100452,0.0,0.0460033843410513,0.0,0.0,0.0,0.0,0.0719924852127053,0.0,0.0581711803415267,0.0,0.0,0.0,0.0634375564682743,0.0,0.1361355918668965,0.0,0.0,0.0,0.0,0.0,0.9037821533513296,0.4790887375227976,0.587471951456379,0.2722904963884189,0.762514113164665,0.4077056883246963,0.9445931062238806,0.6151318559250721,0.7950807538641627,0.0964984600638638,0.0393601612299246,0.2394870574982559,0.5170785979294502,0.0035867480258989,0.0,0.3917944735125144,0.0765577582311153,0.0,0.093650706,0.0319606777805547,0.0,0.0,0.1994161944924766,0.0141786600960099,0.0,0.0729530774473422,0.0175134329892397,0.0339669797346601,0.103984299992099,0.2551497523096686,0.0,0.0,0.0936325993557219,0.0,0.0,0.0704313317522877,0.0141816832631064,0.0,0.3587066,0.0387584323218959,0.023510575623389,0.130569305353305,0.0,0.0267991261471766,0.0,0.0180030981327796,0.0258333251966159,9.278650997671747e-05,0.0570093366456696,0.0018496073113739,0.035804577,0.0412464105310499,0.3356085175198353,0.0,0.1311553564706017,0.0,0.010127967030112,0.0,0.1446576849448416,0.0,0.0,0.0,0.0,0.0954938481740379,0.0,0.0,0.0,0.0039837272003931,0.50012773,0.0078380558150485,0.0046460006470601,0.0,0.0086954560472885,0.167649769947031,0.0110840688095953,0.0,0.001304090304969,0.0,0.0418212124195338,0.0242979348973435,0.0,0.0,0.14532574108136,0.0,0.0,0.03582432065962,0.0141221728286987,0.0794025814287709,0.0,0.0,0.0,0.0222512884039133,0.0,0.0042477505627707,0.2119751775315686,0.004576180026087,0.0068192778921565,0.0416018670644121,0.0,0.0,0.0,0.0,0.0,0.0165843298632563,0.0,0.0036406544361653,0.0,0.0,0.0,0.0,0.0,0.0489509560084933,0.0,0.0,0.0,0.0,0.0803650274223401,0.0,0.0,0.0,0.0,0.0,0.0,0.0,0.0,0.0,0.0,0.0,0.0,0.0,0.0,0.0,0.0,0.0510904309642856,0.0175727574532556,0.0,0.0,0.0,0.0,0.0427120111039235,0.0,0.0,0.0,0.0265372916263426,0.0
Monocytes,0.0,0.0,0.0285649346725902,0.0,0.0,0.018298550256098,0.519739730755462,0.0427422389470619,0.0323905369911294,0.0030220325313351,0.029013211640728,0.0005297200194774,0.0,0.0,0.0,0.0,0.0011079791205487,0.0,0.0,0.0693462898798306,0.0,0.0,0.0,0.0,0.0303738078915787,0.0,0.0512500177276713,0.0,0.1544875032790236,0.1004561115394387,0.0,0.0,0.0,0.0668529200677148,0.0384486773620497,0.0432475801074204,0.0080140486667464,0.0180431256747318,0.0113535846919058,0.049361131049329,0.0414066527317224,0.003500684426051,0.0476847332453544,0.0,0.0753842683678332,0.001864302747428,0.0,0.4189259451778526,0.5512341706100565,0.2127738946856545,0.0711369464766749,0.5850450145719535,0.0,0.8069182768313615,0.7124501222885122,0.9069571738062258,0.0531538895686751,0.0786629028285436,0.0714597531516939,0.5023021972352761,0.1155435674859585,0.0,0.6498462680208914,0.0288749333511659,0.0,0.0,0.0084438422011591,0.04041947,0.0,0.0,0.0,0.0,0.0071052545733756,0.0,0.0034531771013735,0.0056979570533806,0.1048485286301898,0.0112280994879426,0.0,0.0,0.0245454712256984,0.0,0.1171423291404928,0.0147628867950082,0.0,0.15494435,0.0180767603698083,0.0827639111240872,0.0602287016870172,0.0,0.0313048273286953,0.0003136353222621,0.0129441691942458,0.062032524593839,0.0,0.1245513081374079,0.0014108291756258,0.1635866,0.0416898661810073,0.1486364488651714,0.043694537,0.0744244968378301,0.0181343413386835,0.0702316138362689,0.0541015694870626,0.2829756693298951,0.0375031272085867,0.0888584207463741,0.0352501351430318,0.0,0.0565098564775782,0.08835614,0.0,0.0162054308942576,0.2105829163528623,0.48688468,0.0114942701874947,0.0,0.0006639636743802,0.0122475242006185,0.0,0.0031295226395475,0.0,0.121654113127976,0.0,0.0351820738310095,0.0,0.0,0.0,0.0775575895643521,0.0,0.0,0.4277183173715962,0.0058743397880723,0.0295663368443933,0.050065856731835,0.0097003048569618,0.0052909508207722,0.0,0.0076978030094417,0.0,0.3136669205601854,0.004332639927396,0.0274894929815638,0.0043602800585315,0.0320763716599996,0.0,0.0,0.0061241468555779,0.0127542280634068,0.0,0.01819402812039,0.0,0.011011333434689,0.0310461314792565,0.0181493655827902,0.0,0.0,0.0100008764332738,0.0,0.0,0.0,0.040249899164492,0.0359732713951157,0.0,0.0,0.0,0.0,0.0,0.0,0.0,0.0,0.0,0.0120619835355952,0.0105561558580249,0.0106543077458849,0.0,0.02211424,0.0,0.0,0.0356951611231835,0.0381361902336987,0.087676302803664,0.0,0.0586164878115708,0.1466378380432472,0.0891215538480729,0.0414961287268566,0.0,0.0077701531568086,0.0205782484272936,0.0
RTN1+ TAMs,0.0,0.0,0.0417573750707203,0.0,0.0,0.0,0.3313987391253195,0.0,0.0,0.0014438385438519,0.015188899151903,0.0,0.0,0.0,0.0,0.0,0.0014896809867223,0.0,0.0,0.0266274150072903,0.0,0.0,0.0,0.0453587954373408,0.0816298030355992,0.0,0.0109150893895741,0.0,0.0,0.0474853596800539,0.0,0.0,0.0,0.0596725019887939,0.0579679688035602,0.0492828019172398,0.0241179264650931,0.0,0.0,0.0025328689080386,0.0672238196242916,0.0,0.0193132550114529,0.0,0.0505101876064339,0.0,0.0023445871226357,0.5433809382075073,0.5228743001827915,0.4018800156689552,0.1908799115899072,0.5722498728966334,0.1766238579327976,0.6035994278181819,0.6476685876947227,0.7386030095610039,0.0,0.1274222491342855,0.1866103569212456,0.3841591386134204,0.2006730195406257,0.1772498942744348,0.1841284571881669,0.0697521946159631,0.0,0.0,0.0,0.010464174,0.0,0.0,0.0,0.0,0.0,0.0,0.0101719799413469,0.0085969344964154,0.0979792200737825,0.0514438065802732,0.0,0.0944323579201215,0.2019746181320928,0.0273636672654051,0.0215709797266698,0.0343388349118104,0.0529121713270624,0.38936797,0.061232296561244,0.3366503945744709,0.0327960530092456,0.0,0.0540415458450417,0.0170755465097833,0.0369622686721472,0.1040914245034524,0.0563420533768197,0.1336522213951594,0.001678721107434,0.0715219,0.1079903772934713,0.1533083011256466,0.10159304,0.0582604362557506,0.0031663356701573,0.0162333079506433,0.0,0.2168794706867993,0.0645671763247793,0.0647028851525246,0.0871821405845727,0.0268657373103691,0.0686930852382398,0.41283858,0.1569000375186255,0.1006984748367702,0.0953482618101127,0.014214366,0.0622029661870027,0.0159680373259076,0.0411468549571661,0.0031147328896935,0.0,0.0,0.0008488299056067,0.1057902947797444,0.0,0.0318546312430959,0.0142899255409156,0.0,0.0,0.0315922526219835,0.0,0.0109179199940463,0.2118949659031948,0.011736467621233,0.0453597768082886,0.0,0.0301039170893034,0.0,0.0037638770661819,0.0026414940257081,0.0897230941052433,0.3490710967220491,0.0,0.0,0.0113616933469231,0.0341653319168541,0.0,0.0,0.0,0.0,0.0080193894717727,0.0292391434002899,0.0,0.0153449660161579,0.0,0.0,0.029284888490741,0.0022451851150331,7.825136357206789e-05,0.0,0.0310120177031131,0.0,0.0132832066016225,0.0453432465866607,0.0,0.0,0.0,0.0016672491563392,0.0,0.0,0.0047036168024314,0.0,0.0005591502254751,0.0071785692866471,0.0060773710963699,0.0086430649599593,0.0,0.0,0.0,0.0,0.0327443830356323,0.0201034546646384,0.0723299943628002,0.0,0.0493493924030468,0.0979431680449244,0.0322169144835997,0.0237718697023043,0.0,0.0371877074613483,0.0040063711105763,0.0
Resident-TAMs,0.0,0.0723663614171884,0.0,0.0,0.0663864652569374,0.0,0.0028723132398745,0.0,0.0,0.0,0.0083959643106273,0.0,0.0,0.0,0.0,0.0,0.0,0.0,0.0,0.0924012971323615,0.0,0.0,0.0,0.0,0.0027177067042434,0.0,0.0,0.0,0.0076785627633735,0.0,0.0,0.0,0.0416510540426163,0.0040823916391244,0.0858926697196178,0.029493173012163,0.1190730773843202,0.0,0.0,0.0001108418490074,0.0111514944655568,0.001126285406747,0.0003951323265314,0.0,0.0035537053614786,0.0,0.0,0.1087495972285665,0.354976700824622,0.7567072651515309,0.0206692212630255,0.6000084879755634,0.0,0.0115891828997116,0.2571081964205596,0.0603971203879516,0.6756582933352929,0.4955437921794307,0.1010360799363219,0.9132089511316724,0.7614217483624229,0.8510123472758551,0.9218229012355372,0.6770851903302751,0.0,0.0,0.0043024537530266,0.2845801,0.0,0.0,0.0171061750562419,0.0067302560966839,0.0059160795522945,0.0,0.0005915606952984,0.0,0.0,0.0,0.0,0.0098724547116872,0.0,0.0684876621696096,0.0579136572804057,0.0,0.0,0.0073402515,0.0,0.0,0.0616300415014253,0.1337902638467559,0.0974295700392389,0.0,0.0169463728792762,0.0519266417818967,0.0,0.0,0.0,0.015795043,0.0,0.0315224142870612,0.022862751,0.2283514382985728,0.0,0.0,0.0,0.0,0.0294275941012093,0.0051251641704547,0.0,0.0003991213519241,0.166785013577967,0.4503046,0.0,0.0,0.0,0.0,0.0,0.0,0.0,0.0039607340872067,0.0,0.0218643249473375,0.0,0.0380957877308732,0.0053684088245917,0.0266091237311131,0.0169133864294894,0.0028984156057664,0.0015531213100563,0.0,0.1826109933559057,0.019588315702509,0.2690147520437337,0.0,0.0,0.0,0.0,0.0107472566048963,0.0120019003007099,0.0,0.0093908352624131,0.0,0.0,0.0,0.0,0.0,0.2384703085123636,0.21911721,0.0,0.0593180830494178,0.0559649016753052,0.2955484584529382,0.0813365972105202,0.004568054742168,0.005105761498302,0.034430198964905,0.0241002215022296,0.0,0.0,0.0949182630913912,0.0214770579783833,0.0,0.00365842566219,0.0122421986006222,0.0,0.0,0.0,0.0038377185761038,0.0,0.0119893109130921,0.0018029210021329,0.0,0.0042151726279508,8.944441558217533e-05,5.934065950793589e-05,0.0,0.0,0.0,0.0001217360149818,0.0,0.2076221143402699,0.0286887589728448,0.0,0.0,0.0,0.0489143937529922,0.0,0.0076110826763754,0.0,0.0226030120894966,0.0,9.15999601888724e-05
Astrocyte-like TAMs,0.0,0.0,0.0045632616386486,0.0,0.0,0.0014640539444266,0.1671515167277774,0.0,0.0,0.0,0.0086588945399291,0.0,0.0,0.0,0.0,0.0,0.0,0.0,0.0,0.0601019782829313,0.0,0.0,0.0,0.0,0.0163581731794102,0.0,0.0,0.0,0.0859982747604252,0.0085217237427531,0.0,0.0,0.0,0.0070093067825662,0.0287073654149103,0.0583925654751249,0.0749965533959544,0.0147427718946074,0.0,0.0007069101301483,0.0268032455267667,0.0,0.0,0.0,0.0051769582252879,0.0,0.0,0.2316770840945123,0.5012336344168709,0.4226504673183391,0.1208830845301297,0.4686586569003901,0.0353050817821254,0.3665648305679656,0.5357771608698121,0.3036362149580097,0.5459845216644962,0.1564151940159453,0.2608594934371019,0.554906703591281,0.285997104227927,0.4567011944985326,0.633170819947877,0.3696790119460926,0.0,0.0,0.0,0.41188732,0.0,0.0,0.0013353668943973,0.025758538163193,0.0,0.0,0.0056140796585505,0.001794135546425,0.0041531917254597,0.0071890838880964,0.0,0.087464713628847,0.0,0.0462053207440058,0.0,0.0,0.0,0.0,0.0464130067174262,0.0947425585620512,0.0642651103138494,0.0,0.036198339807357,0.0,0.0237915843077097,0.0507196675402569,0.0136008890686743,0.0648359535247463,0.0013148296972529,0.11537055,0.0103203049408574,0.2179674058558267,0.019884361,0.1061529744333104,0.0,0.0496369222761621,0.0,0.0545278695853906,0.0395428923914688,0.0516145853128988,0.056004291589512,0.0330674573557344,0.16891130593593,0.42067516,0.1173930378913151,0.0674061542743627,0.0018438358683595,0.0,0.0,0.202429057062864,0.0,0.0,0.0119417725503018,0.0236107926463484,0.0,0.0655073604202175,0.0811473578831542,0.08273370849657,0.078392324270658,0.0,0.0,0.0616161001128993,0.0653702554568712,0.0188358086611144,0.2070230090411177,0.0101698579535466,0.0249345176726091,0.1487708663384961,0.0067594410117899,0.0,0.1580187142947411,0.0,0.0937938327083566,0.2460450902706742,0.0,0.0705235260627167,0.0050887736128359,0.0336554744327765,0.0168068248744325,0.032182634,0.0,0.0453873467400173,0.0006699833304942,0.0315641374694804,0.0094137694417354,0.0185834256978888,0.0,0.016496616309958,0.0216659854984955,0.0050760650052599,0.0294451223356991,0.0,0.0151794448754302,0.0,0.0283279536152637,0.0573813217813284,0.0,0.0,0.0,0.0021158049840372,0.0,0.0,0.0014461524431577,0.0,0.001049438724752,0.0214997189528667,0.0187409351724819,0.0306456973012494,0.0006707269702433,0.0,0.0084512615059787,0.0,0.0906413426966064,0.0404448756477672,0.0803708872577908,0.0289278353103007,0.1225218602105288,0.0336522114532237,0.0986742666635594,0.0244504577802657,0.0,0.0216046538783336,0.0124870151822066,0.0
Dendritic cells,0.0,0.0283328834913021,0.0129632927918576,0.0,0.1527139167548917,0.0194045757402625,0.3726763397041482,0.056109977957846,0.0,0.0168497395353579,0.0356489016248753,0.0,0.0030961565888024,0.0,0.0,0.0,0.0079888647301068,0.0,0.0,0.0771290952818587,0.1018797,0.0173036188100655,0.0,0.0,0.0078017035336731,0.0,0.0152388047735032,0.0,0.1224314483546634,0.0148947251039854,0.0013193219345148,0.0173184325000537,0.0,0.0,0.0623970645605127,0.0022009540339145,0.0158074144862249,0.0643020804090337,0.0236296759647153,0.0809103462658707,0.0494586753794818,0.0,0.008074172768609,0.0,0.0116723752396734,0.0158197406993315,0.0,0.4934298720591507,0.4004522146715921,0.6358352906454013,0.4922037476733923,0.4181017498324819,0.0129308494772498,0.5407497867777123,0.3960083531855346,0.6607057388286613,0.1425508081844437,0.1144273878880573,0.1355115534857339,0.3499542991678143,0.2156528424490564,0.1346551339659752,0.7466366504090859,0.106132177476788,0.0,0.0,0.0,0.0,0.0,0.0,0.0087755233867634,0.0543716198161669,0.0149260645025252,0.0,0.0055946597816975,0.0027011657619456,0.0,0.0122998387082409,0.0,0.0261263326370785,0.0018189477280002,0.0884331142134586,0.0880171762374154,0.0809302130096272,0.0093362434562389,0.0,0.045022253555281,0.0933545622881782,0.0852102083637208,0.1531913352713698,0.1086824478686582,0.0276470243215293,0.0018718464016736,0.05571084924974,0.0020011531207135,0.064335928926631,0.0138842308593198,0.5786499,0.0426663514146103,0.2597141833862575,0.0,0.1204947848297676,0.0113456525045312,0.0097940292577623,0.0503708985958273,0.0358825522052027,0.0027709190233324,0.0,0.0,0.0498586086925792,0.0773827271958781,0.0,0.0047256225538621,0.0766070906085582,0.0267349746618922,0.0,0.0367707180115215,0.0,0.0,0.0,0.1309993413119588,0.0642568051065509,0.0,0.0790003045588899,0.021848678163193,0.0609153275428361,0.0756359890036118,0.0,0.0,0.0018254152448839,0.0682524778311156,0.0163869037176831,0.160586200625726,0.0119763538356161,0.0564530373698636,0.0417090821455105,0.0,0.0,0.0193296481834263,0.0667194849468639,0.0307448766760376,0.2645564708474906,0.0132543046771579,0.0178808789330525,0.0070136136065599,0.0106511796191176,0.0,0.31947052,0.0,0.0365025720328533,0.0136725220185492,0.000302170623103,0.0,0.013798909497451,0.0,0.0314259658872444,0.0109174852333697,0.0166776364861926,0.0033281146437048,0.0,0.0001208347334721,0.0,0.0,0.0292757323090111,0.0,0.0,0.0,0.0002884847239762,0.0,0.0,0.0005662394478874,0.0,0.0011767130851528,0.0045922403709316,0.0028834319994091,0.0067187605939661,0.0,0.0,0.0265741536260351,0.0,0.1419687580862936,0.0283254181826329,0.0657174975749842,0.0,0.0602732686136764,0.1246387935587548,0.0,0.0,0.0,0.0014633151193736,0.0,0.0
Proliferative AC-OPC-like,0.0,0.0,0.0002997099459995,0.0,0.002279474233611,0.0,0.0006796108913281,0.0,0.0,0.0001968946326296,0.0,0.0014413710543407,0.0,0.0,0.0006917343327586,0.0,0.0,0.0,0.0,0.0,0.0,0.0,0.0012487144179107,0.0008837254940872,2.08702965985175e-05,0.0001884690613916,0.0003791548933813,0.0,0.0032125076899559,0.0167486396928189,7.807775611542426e-05,0.0,0.0,0.0103554767642114,0.0647391576361879,0.0146443158638473,0.0,0.0,0.0136264851241598,0.0,0.0,0.0018566317223255,0.0005038737839495,0.003083687616432,0.0378097641362713,0.0016770875173427,0.0912341689276534,0.0,0.0,0.0,0.0,0.0,0.0,0.0200923594591346,0.0,0.1669876082385344,0.0,0.0,0.0,0.0037118843959152,0.0115911146464424,0.0,0.0004696288188469,0.0,0.4801445496158201,0.8277327,0.7638910544605689,0.012559176,0.0,0.4525822086760516,0.837237684660928,0.9227300211857428,0.8649494980051865,0.6406654136272515,0.10753004669212,0.5820759787565754,0.8548974928530806,5.3843939479998e-05,0.0,0.0,0.0169993635844364,0.0011219253596109,0.0,0.0011970969145927,0.0,0.02676017,0.0,0.0,0.0,0.0,0.0004004751471365,0.0009018049569432,0.0083903820827077,0.0,0.0265271057532028,0.2909381404121447,0.0077613639152017,0.022181267,0.0364053096888267,0.0,0.081776574,0.0096011177967221,0.0035083959397214,0.0,0.0,0.6202039326078229,0.1286406306910874,0.0001624275731207,0.0271105015968704,0.0111249569999866,0.0,0.01443924,0.0472387574577771,0.0160966447442801,0.0,0.0,0.2185547894749581,0.1745968144340116,0.0,0.0011091948067741,0.0,0.0,0.0,0.0,0.0,0.0148127177605231,0.0,0.0,0.0,0.0246586179997169,0.0,0.0,0.0,0.1166831910087284,0.4700208742519118,0.262098339692372,0.0615536917856728,0.0490344573331941,0.5768758296174159,0.2306879165313142,0.0898227896952591,0.0279918231278592,0.0146611475106231,0.0752163268682806,0.2655026359781483,0.0005806823976964,0.0,0.014550906,0.0,0.0,0.0004600021578779,0.0,0.0,0.0076572460111392,0.0004436798119045,0.0004595976142779,0.0,0.0074271001232058,0.0,0.0001288687216881,0.0027674338731483,0.0,0.0038856930245744,0.0078128649268376,0.0,0.0069247508475806,0.0,0.0,0.0,0.0,0.0,0.0,0.0,0.0105313837468459,0.0133307379341866,0.0085465485898657,7.93646023101122e-05,0.0,0.0008154648369567,0.0,0.0035606230330474,0.0,0.0,0.0040578956231868,0.0,0.0,0.0,0.004932180278612,0.0,0.0088075124678184,0.0010888867612938,0.0
NPC-neuronal-like 3,0.0,0.0321051608798972,0.0070461412227292,0.0,0.0,0.0533504440391411,0.0,0.0134481981013951,0.0,0.0199568693612556,0.0,0.0,0.0,0.0,0.0117000574903251,0.0,0.01910576680899,0.0,0.0,0.0926599508705367,0.0,0.0,0.0,0.0262785669656725,0.0016571084579255,0.0,0.0156388040657229,0.0,0.0,0.0315721149089221,0.0,0.0,0.0,0.0,0.2339301491137276,0.0597861149909101,0.0418714441836005,0.0,0.0,0.0141575076416315,0.0,0.0054987319746186,0.0094352736473688,0.027403782430542,0.0377374516290866,0.2548957569886638,0.0955958704278562,0.0,0.0244365128806831,0.0227476648100106,0.0187561180947915,0.1131295359475198,0.1352419998116932,0.0060156773643391,0.0848189977673872,0.0,0.2083963943712385,0.0009258096148911,0.0424448029141204,0.0821999799538096,0.0,0.03494992553193,0.0061256519619849,0.0111647653118121,0.0,0.0,0.0853294065623656,0.645254,0.0635502698964588,0.0,0.2802678543747434,0.1451130294615046,0.0,0.0496783208253963,0.9266373514622264,0.0109741702447439,0.162017952388488,0.0,0.0,0.0,0.0011128946260611,0.0223663343636914,0.011005238434305,0.0408498856940669,0.0115225071126567,0.0,0.0,0.0890683127235345,0.0,0.1411809604412887,0.0,0.0,0.0112532092579135,0.0,0.0,0.081905006762932,0.0891204290550415,0.028610492,0.0406313119468931,0.0599513888723783,0.31752148,0.2023869795163022,0.0248226288639034,0.0,0.0992791032952033,0.3847281003235154,0.070396950609062,0.0,0.1660776433954795,0.0009829885973735,0.1290290544265205,0.0,0.0,0.1595196665743579,0.037232244810586,0.008613953,0.2293265387682818,0.0,0.2171388937531141,0.0002682048179972,0.0897706945515324,0.0,0.0031211086133292,0.0,0.076410449986582,0.0,0.0994396816054809,0.0729492386548101,0.0063441687459377,0.087067877232355,0.0,0.0,0.2039061650224359,0.0609864159389371,0.8308156784473486,0.4113443551291434,0.0,0.5218948523389356,0.0114526455176712,0.3749358237993058,0.0260446331599823,0.0,0.0,0.5067953245436634,0.3620755894561341,0.0,0.0,0.0,0.0,0.0421737324881711,0.00194821350331,0.0,0.0,0.0196957489490901,0.0,0.000830790658497,0.0316091805946545,0.0,0.0225297479339761,0.0,0.000112783224255,0.0032159395633648,0.0,0.1429207952674431,0.0,0.0346064909653425,0.0,0.0370924151285923,0.0,0.3939901698370547,0.0131325354642803,0.0023120502548026,0.0104009635282872,0.0570383918560728,0.0622057413113838,0.0407291410935227,0.0,0.0,0.0535957495112673,0.0,0.0426631638050528,0.0,0.053008633507435,0.0,0.0811113600331414,0.1001218531182087,0.0493376194016418,0.0,0.0,0.0062666516659258,0.0110854997965205,0.0
Proliferative NPC-OPC-like,0.0,0.0144657622869963,0.0,0.0,0.0,0.0,0.0,0.0,0.0,0.0,0.0,0.0,0.0,0.0,0.0053703249063893,0.0,0.0,0.0,0.0,0.0431092287596507,0.0,0.0,0.0,0.0057745822823378,0.0,0.0,0.0161259134937203,0.0,0.0,0.0,0.0,0.0018983769200327,0.0,0.0325197641345533,0.0556559393899377,0.0975018352289678,0.0142398660974393,0.0071174459969774,0.0,0.0,0.0070793868147187,0.0,0.0,0.0,0.0,0.0,0.0853294237735745,0.0,0.0,0.0,0.0,0.0141012295213078,0.021161567716202,0.0,0.1151628467171229,0.0,0.1532434378789781,0.0,0.0903997793932844,0.0609516677303351,0.0,0.0,0.0021724999920454,0.0341440286421164,0.1886164231632602,0.17725196,0.0883966879027837,0.07329007,0.0250356456455811,0.1752587408191542,0.2817775290397997,0.6465060986447683,0.2302347894012018,0.1874476050959907,0.0201427094605899,0.1142739438899682,0.4120480931114384,0.0,0.0,0.0045942130133288,0.0,0.0,0.0,0.0,0.0,0.032813054,0.0045617137102239,0.009083332904497,0.0,0.2720344136440437,0.0033964422571302,0.0,0.0,0.0,0.0,0.0644771339736833,0.0179132172754223,0.0,0.1739074428324492,0.0248110779880834,0.5515924,0.1544180928648645,0.005704538350036,0.0101338458328327,0.0274948537812395,0.6274369109050011,0.0527701588513894,0.0004502498128442,0.0940305921032236,0.0204132739674912,0.1231782254720292,0.11845485,0.0688622723697775,0.3061594898373149,0.0365077376601527,0.0,0.7008512221404771,0.5629801228352117,0.0892656547108101,0.0,0.0669417158373716,0.0781655347368811,0.0,0.0134772895991342,0.0087552619101597,0.0747918153532176,0.0473344115179168,0.0,0.0509266554459023,0.1868087626236003,0.0,0.0003463282646776,0.1275956562338988,0.154869208944963,0.4510766602821547,0.6483795044789122,0.15817603070568,0.1875895729412117,0.390785161487276,0.0748318743567239,0.2817567545843029,0.2012160221865641,0.0128165877410035,0.1396059536423763,0.4905288335315179,0.0011689598583661,0.201831416412321,0.004523971,0.0,0.0024314053068097,0.0,0.0,0.0009558013507538,0.0151925105323386,0.0,0.0094517790085507,0.0,0.0,0.0,0.0,0.0,0.0,0.0243033434013619,0.0,0.0060156398,0.017216760660315,0.008176098,0.0,0.020640789,0.0,0.0,0.0,0.0,0.0226588995813773,0.0251388318529647,0.0187275236189711,0.0,0.0,0.0042400305079436,0.0,0.020514695152774,0.0305232406766104,0.0107552964726112,0.0,0.0115873697791369,0.0,0.0285131577428983,0.0016576211364894,0.0072410717,0.0,0.0036563575971749,0.0
Pericytes 1,0.0,0.0,0.0072297495826492,0.0002194004689957,0.0141146114504938,0.0172157191350023,0.2858692329347009,0.0,0.0,0.000222141763302,0.0,0.0213786911428515,0.0,0.0,0.0,0.0,0.0,0.0,0.0,0.0063249904566037,0.0010365363,0.0610074038092491,0.0012281129765212,0.0005143726303502,0.0,0.0707527252415392,0.0,0.0,0.0,0.0,0.0010095561408072,0.0,0.0,0.0187571769528029,0.0,0.0178276075938602,0.0,0.0,0.0006726629561594,0.0,0.0416722505816253,0.0014030836917976,0.0117411279380321,0.0009327264981382,0.0,0.0,0.0,0.0039009074501454,0.0055707979349949,0.0,0.0,0.0,0.0,0.012121813552566,0.0,0.0262468737284086,0.0,0.1017914729484399,0.0,0.0,0.0,0.0,0.0214884739882937,0.0072458088605979,0.0,0.0,0.0022030550675862,0.0,0.0,0.0,0.0074991844549362,0.0,0.002521488951263,0.0,0.0053468030606269,0.002166451166979,0.0,0.9816710802679712,0.019915871,0.7966601919288178,0.971876218837072,0.6364516140143265,0.3619943707013166,0.8937509635573011,0.0234582073292672,0.97814864,0.1941256466606276,0.0,0.0880633893676259,0.0,0.0,0.9159523245669988,0.8258501273917749,0.7833511752178969,0.9546805365287128,0.9423585042191802,0.0,0.0,0.0,0.4507036164003553,0.0,0.0487335574783531,0.0,0.0,0.0,0.0,0.0017348165532551,0.0271324598508051,0.0,0.0,0.0385582595473258,0.0,0.0,0.0,0.0,0.0,0.004193444184742,0.0,0.0160401624064016,0.0,0.0,0.000923414940039,0.0066740269567046,0.0,0.0052182882066137,0.0229567984049192,0.0,0.0,0.0047977587246867,0.0,0.0,0.0,0.0,0.0,0.0,0.0003748994687288,0.0407936942192401,0.0008007134456503,0.0,0.0,0.0,0.0,0.0034689640416158,0.0058402063551168,0.0191203193497072,0.0,0.0,0.0008652979,0.0,0.0076017313167463,0.0,0.0,0.0006061530031945,0.0,0.0008012210968149,0.0014995800319865,0.0,0.0,0.0,0.0,0.0008646883284749,0.0,0.0009502883678711,0.0,0.0,0.0069037071572244,0.0,0.0,0.0,0.0,0.0,0.0,2.701318412413684e-05,0.0056218082741083,0.0050996232778136,0.0043767895697472,0.001331873521055,0.0,0.0,0.0,0.0103580755338484,0.0315357674168465,0.0139079078499009,0.0,0.0217316596520251,0.0,0.0,0.0174378253689185,3.361818e-05,0.0,0.0228380608158276,0.0
VLMC,0.0826150873102766,0.009577544291426,0.0,3.491772348851792e-06,0.0095075999381942,0.0,0.7103571153599494,0.0,0.0,0.0,0.0,0.1864717691540468,0.0,0.0,0.0,0.0,0.016616305787957,0.004704793,0.0,0.1065516038123126,0.042204313,0.2830810130903242,0.0002472661023255,0.2517691775112579,0.1124031421038189,0.1092239132069267,0.062023643835009,0.0,0.0,0.0237031435063118,0.0,0.0776052258662058,0.0,0.0633792616533293,7.325359458584243e-05,0.0299081995923553,0.0,0.0306431171487694,0.2761908385851636,0.1062843429740424,0.1617079597731282,0.0046059242981913,0.0,0.0,0.0,0.0,0.0,0.0,0.0507406145960505,0.0028046602380363,0.0194885629313153,0.0,0.2545521574975573,0.0172615524736119,0.0,0.0,0.0,0.001856054692622,0.0,0.0305965297996317,0.0,0.0,0.0,0.0,0.0,0.0,0.0,0.0,0.0,0.0,0.0,0.0,0.0885025370603396,0.0,0.0,0.0,0.0,0.8587141319208688,0.92982656,0.1474632207257183,0.0076321196184979,0.0,0.9078397791526334,0.4305705779717402,0.9550682954643952,0.0047506,0.0,0.0386443074189631,0.7639887974244183,0.005168008663045,0.0514947302271584,0.3082678684550853,0.0358342070239108,0.2747688225326076,0.6175248184407939,0.5179494060863397,0.0015919388656144,0.0,0.130849770834959,0.0865718148993306,0.0,0.2214204184497208,0.0114449071895201,0.0288827259753124,0.2000844967098553,0.0051900564775019,0.0032760064803695,0.0673537063529814,0.0129420182175819,0.0,0.0355556843641528,0.0,0.0013442721285039,0.0,0.0,0.018513687,0.0719423202742868,0.0,0.0,0.01934332998235,0.0,0.0,0.0,0.0,0.0,0.0,0.0,0.0,0.0,0.0,0.1120355967181992,0.0,0.0,0.019017157463567,0.0160809128732476,0.0,0.0,0.0,0.0,0.0014290330186835,0.0,0.1524814500648624,0.1104842213750422,0.0,0.0216218619987648,0.0,0.0,0.0,0.0,0.0,0.0,0.0085564826149421,0.0,0.0,0.0,0.0119461004322657,0.0006323484098152,0.0,0.0,0.0,0.0,0.0,1.2321595343542534e-05,0.1315897495657481,0.0,0.0129754510405879,0.0,0.0,0.0,0.0,0.0,0.0,0.0,0.0294059958491615,0.0191528432297184,0.0323886777594353,0.0,0.0,0.0015263993823482,0.0,0.0,0.0,0.0754227532622316,0.0,0.1523551100445189,0.0257636188882359,0.0,0.0494525681855289,0.0,0.0,0.0165941783421109,0.0
Endothelial (arteriole),0.2398345380677508,0.050052323502972,0.0139415521246525,0.0,0.0339795630081364,0.0137691056128524,0.0137388541405436,0.0034605877184957,0.0,0.0033631600779885,0.0,0.5004085272803181,0.0,0.0011713872846778,0.0063852869944932,0.0069869862025234,0.031064668830316,0.0,0.0,0.0269443649847679,0.027373105,0.0023339271526013,0.0,0.0307631022961054,0.0813042543986324,0.038182935050233,0.0521442981365067,0.1088734772399251,0.0778607552211305,0.0728699204577289,0.0,0.0305785280129196,0.0,0.0030370881909135,0.0,0.0,0.0,0.0038554863237595,0.1523173476573992,0.085396646729954,0.007149263329069,0.0,0.0,0.0040701626663469,0.0,0.0,0.0,0.0854767754493528,0.055274166100687,0.0076940508882392,0.0,0.1418793198807656,0.0,0.0,0.1064797740939066,0.1059088570701523,0.0,0.2681813042190995,0.0,0.0163035377174743,0.0982924459786948,0.0,0.009471616393954,0.0,0.0,0.0,0.0037293858949062,0.0,0.0,0.0,0.0,0.0132334661336404,0.0124948290381108,0.0253019172701894,0.0114641828714675,0.0,0.0305019748410515,0.2989806513545085,0.64450264,0.1614582257664834,0.7965341206880844,0.4759365780920031,0.1319879822316511,0.2441895413656891,0.0,0.08634639,0.647458277322617,0.5064088760200961,0.0602541724053911,0.565346517335327,0.5264031722941319,0.2058206862907178,0.127055181487284,0.0825904641031264,0.5655638752338684,0.6807223554271165,0.005533635617509,0.0,0.0137602765221879,0.2894459930400665,0.0,0.0457933644454934,0.0742320415097168,0.0243490395384363,0.0228807542344457,0.0154368626793406,0.0,0.0024160198005121,0.0137415116757017,0.0338895348520916,0.0,0.0,0.1126154603662706,0.0,0.01875113520869,0.0,0.0554055007875426,0.0,0.0417717582007112,0.0,0.0,0.0360776304613696,0.0179970408095117,0.0124300911674931,0.0130169426121486,0.0717630459167394,0.0,0.0,0.0,0.0001861935804732,0.051835937363177,0.0,0.1404712575864723,0.0,0.0,0.0554685421930684,0.0,0.0,0.0,0.0,0.0384136858257061,0.002759857804911,0.0305586505760855,0.0,0.0152531852572019,0.0093352447514023,0.0,0.0,0.0,0.0233175898493753,0.0,0.0990128330207783,0.0475861909997644,0.0036199050672668,0.0,0.0206425589349577,0.0238600842748581,0.0,0.0014285120488374,0.0,0.0,0.0070458697593605,0.0,0.0,0.0,0.0059182392159649,0.0,0.0,0.0,0.0,0.0,0.0674363722004199,0.0,0.0100215070891531,0.0054359476299978,0.0101667812531917,0.0,0.19743678,0.0049238849208229,0.0454559208081242,0.1694850721501732,0.0650290067980259,0.0604374353110262,0.1184392259422226,0.0431616831581702,0.0736887285754956,0.0126985728346661,0.0043843195403269,0.04434103,0.0060280189073566,0.0,0.040949165371682
Endothelial (capillary),0.0,0.0,0.0,0.0,0.0,0.0316792739851847,0.4439974009153313,0.0019692515804744,0.0,0.0,0.0070245708624119,0.0,0.0893830061276284,0.0056520698179341,0.0041250915802026,0.0,0.0069307672093785,0.0,0.0375436900870056,0.0,0.0,0.0,0.0,0.0,0.0,0.0,0.0,0.0,0.0,0.0,0.0,0.0368074840683904,0.0,0.0,0.0,0.0079916933642618,0.0302048742941369,0.0063163624870386,0.0,0.0,0.0569407420859062,0.0,0.0,0.0,0.0,0.0,0.0,0.0,0.0116798782307342,0.0445560747311817,0.0,0.0,0.0065064167893627,0.0,0.310415007175594,0.0,0.2139444464828616,0.0945258502279207,0.0,0.0003308151702671,0.1467216530856746,0.0101736912512853,0.0576510689865741,0.0913910638779206,0.0,0.0,0.0,0.10992733,0.0,0.0,0.018133542132825,0.0730160863203624,0.0126770462570147,0.0313306425766288,0.0,0.0029183627307086,0.0229175668973163,0.4655483356823433,0.0,0.0955870256654648,0.2812139394577379,0.629628330060243,0.0,0.8362248951097603,0.0,0.09060685,0.7876797747127667,0.6811298495200165,0.0,0.0902537483055369,0.2198699553859983,0.1747144289769831,0.4843275644219224,0.2730715299654409,0.225585923497504,0.4295152500304267,0.0024481427443678,0.009891287,0.0,0.1971301831344435,0.019349188,0.1328681352672292,0.0187965049006688,0.0,0.0142134511150143,0.0009364507360141,0.0386567344654546,0.117406782631596,0.0218187902238273,0.0,0.0,0.06862294,0.0,0.0609042472261074,0.0,0.0,0.0185054745015094,0.236681296301833,0.0,0.00017877959421,0.1300015712113751,0.00807201564068,0.0040874081077474,0.0,0.0026717273868409,0.0,0.0,0.0126075644340291,0.1342529910322352,0.0,0.2914268879265569,0.0113515075837237,0.2831583299021696,0.0249437998006054,0.0,0.0,0.1360336256929862,0.0040356249220324,0.0,0.0,0.0,0.0092400920479566,0.0188500951967683,0.0,0.0,0.0,0.0,0.058250766,0.0,0.0258910213811086,0.0100804983058227,0.0109061573977222,0.0265302423148305,0.0107716786428427,0.0,0.0003593633044612,0.031616506373168,0.0170646552573484,0.0,0.0009280840729739,0.0,0.4047786701203574,0.0399207849623,0.1962563902103397,0.05809269,0.0,0.06292821,0.0,0.14915568,0.0061454315854812,0.0,0.0,0.0,0.0064983538372336,0.0,0.0103202074650152,0.0,0.0,0.0816330975945921,0.1822278621233207,0.0,0.0,0.0319489455419642,0.1435538561094543,0.1570148855735631,0.0085316425849966,0.0100084159767328,0.0242614100905274,0.37317505,0.0186052037612371,0.0230623795029572,0.0
OPC-neuronal-like,0.0,0.0,0.0,0.0,0.0002921630808577,0.0384590653161562,0.0,0.006668000612429,0.0,5.873370081164712e-05,0.0,0.0,0.0,0.0001298768010865,0.0,0.0,0.0,0.0,0.0007231979067497,0.0,0.0,0.0,0.0,0.0,0.016585816833163,0.0,0.0062746983314064,0.0,0.0543238521741768,0.0,0.000711510319297,0.0005934453747124,0.0,0.0,0.2222036923648081,0.0,0.0091885463455956,0.0,0.0124059971636487,0.0,0.0,0.0306055997001999,0.0826408985426518,0.0332014591068078,0.1705770848128165,0.0,0.0822229081855117,0.01984184880045,0.0470838078685834,0.0,0.0,0.0712221517738675,0.1334336068969032,0.1540536946202408,0.0,0.6518196137254574,0.1110579399816962,0.0,0.0,0.0,0.0,0.0,0.0290173968302852,0.0,0.0220655034803689,0.0,0.1292746682306586,0.0,0.0,0.0,0.4993540624263928,0.2111895507315645,0.0044762274287719,0.1543099851482766,0.0209357437008928,0.0154335020532508,0.3207674468159512,0.0035814446807622,0.0,0.0009557885590207,0.0,0.0,0.0,0.0325000597193548,0.0,0.0,0.0,0.0237686919960001,0.0,0.0,0.0,0.0,0.0,0.0,0.0006489778336688,0.0,0.1716918571967171,0.2591,0.926358521741984,0.643716985373363,0.514093,0.19196563024867,0.0246139456578573,0.0,0.0071600258438737,0.0,0.3740746415936129,0.0,0.0260635212000113,0.0597564352731979,0.0,0.19405076,0.2451002970124675,0.2872959458083873,0.0478698696629505,0.03275629,0.2192687671056677,0.1475729871352999,0.2283458478899727,0.0002452498897052,0.1135314560548661,0.0,0.0,0.0,0.098120601968407,0.0,0.0617427657649842,0.0,0.0,0.0,0.0,0.0,0.2320283277937736,0.065124302947719,0.3561955784624975,0.6048280758319073,0.0,0.0527429586693636,0.0969872210974886,0.2384588846240553,0.117884317610422,0.0065466807627717,0.0003273895204624,0.0763976247974179,0.2729103005730521,0.0,0.0381269853691769,0.0,0.0,0.0387205693430775,0.0,8.743616413951099e-05,0.015301980552683,0.0,0.0,0.0004638354082477,0.0480895246692974,0.0,0.0,0.0,0.0040297727115163,0.0,0.0318231578935227,0.1598329021264345,0.0,0.0,0.0,0.0588394549765987,0.0,0.0,0.0101873305221577,0.0,0.0091628227310824,0.0,0.0,0.0,0.0,0.0,0.0,0.0,0.0,0.0,0.0,0.0216279120743552,0.0,0.0311865046188895,0.0754359040811704,0.0,0.0,0.0,0.0374986316694163,0.0
NPC-neuronal-like 2,0.0005304547080832,0.0554240743807772,0.0054925278583431,0.0,0.0,0.0247412294301601,0.0,0.0296139973645493,0.0,0.0315641043637466,0.0,0.0,0.0,0.0,0.0121600468183746,0.0,0.0,0.0,0.0,0.1096621144198562,0.0,0.0,0.0,0.0,0.0498105190473094,0.0524923403151337,0.1174750263669315,0.0017983900294682,0.0203157189365498,0.0,0.0,0.0,0.0,0.0,0.1500429879896217,0.0434256161113316,0.0309301213356487,0.0,0.0,0.0,0.0,0.0,0.0486428900842328,0.0897439400081791,0.0578002978115415,0.064436855524195,0.0,0.0,0.0630077423726504,0.0,0.0,0.2427597782399313,0.0875163137615076,0.0523485894982581,0.0493550244025357,0.4812259166506261,0.0,0.0067075684350512,0.1700854931667174,0.0813269115622348,0.0,0.047926032100218,0.030390800363541,0.0,0.0,0.0,0.0813773778660293,0.00765621,0.0,0.0,0.2216941219810573,0.2338494508055287,0.0127107828956272,0.0758100996092543,0.0373350159133645,0.0163320295522517,0.0,0.0,0.0,0.0,0.0,0.0131391924343631,0.0017486658483557,0.0619777173968187,0.0,0.0,0.0,0.0763412703257188,0.0,0.1666149424288737,0.0,0.0,0.0040925674294791,0.0,0.0,0.0,0.1518991424087655,0.040720638,0.336375140331919,0.4334772378010478,0.919933,0.1789253518321149,0.0669622570003056,0.0516924931381022,0.1020679178995142,0.0,0.0858591238117143,0.0017188497226448,0.0,0.0395830363019047,0.1562327291907048,0.029374324,0.0734260548341829,0.2779250258102185,0.0,0.0,0.3788452890908322,0.0,0.1877004803682515,0.0,0.0,0.0321160721632944,0.0,0.0109092309422802,0.0298627647233772,0.1370809331806362,0.0503497836561184,0.0198616005163072,0.0124750785004601,0.0,0.0,0.0,0.0,0.0716980207335324,0.1833068852719099,0.4252821664720786,0.0133323020773904,0.2418696783371408,0.252422575057649,0.0834194297869766,0.1074145187557705,0.1290966412860745,0.0,0.2621780847289968,0.2502613147110341,0.0008349993223458,0.0695438588202249,0.0023157783,0.0,0.0404382113806517,0.0,0.0,0.0040408891026156,0.0,0.0,0.0,0.0374509142398566,0.0,0.0,0.0,0.0,0.0,0.0,0.1708553101230341,0.0,0.0,0.0,0.0338983160923765,0.0,0.1487881576126746,0.0125048624976226,0.0,0.0116716016104038,0.0,0.0,0.0,0.0,0.0,0.0,0.0,0.036492484933325,0.0159200041770504,0.0,0.0102168580146335,0.0,0.2258806414356921,0.0029126604430668,0.0,0.0,0.0121139914034103,0.0190323704037351,0.0
NPC-neuronal-like 1,0.0,0.0,0.0091997741415378,0.0,0.0,0.0341428085257265,0.084090537284503,0.0139761131989472,0.0,0.0025323705785795,0.0204216374374379,0.0,0.0,0.0,0.0144950016763918,0.0,0.0162898354677418,0.0,0.0007972160854522,0.116170307283416,0.0048931004,0.0309335668983506,0.0,0.062080426007859,0.0216984631067669,0.1251148173648221,0.1836554607109533,0.0,0.0037602969609026,0.0414993217218845,0.0027598404475575,0.0045422109449088,0.0,0.0057908482160813,0.0074477116784776,0.0650543055073119,0.0,0.0,0.0557448250302971,0.017564297640939,0.0055991919456555,0.14949878691304,0.2909785504781725,0.0259379479704038,0.0285604391643843,0.0401699080731538,0.0,0.0,0.0756922324706607,0.0190312522327605,0.0091759237301715,0.0703351877908116,0.0651262057850555,0.1958772401856605,0.0072770478113705,0.4830796863734152,0.1542250379129985,0.0055032656755398,0.0693408398722445,0.1092195534656316,0.0691266681165188,0.0065476909738613,0.0101477900837452,0.0,0.0,0.0,0.0449790029818288,0.0,0.0,0.0,0.0143622466371606,0.0383216987855039,0.0281469002842654,0.0757385365689899,0.0261217612595085,0.0244390087969422,0.0414283232726775,0.0,0.0,0.0,0.0,0.0045964825177931,0.0,0.0618796872232964,0.0,0.0,0.0,0.0968927174216591,0.1445402251947448,0.0571203808990133,0.0,0.0,0.0,0.0,0.0,0.0466120773183354,0.0841589832941547,0.92755437,0.2184465719753634,0.4572593694935425,0.0425996,0.2324258778612974,0.0304711317454439,0.0485406238748028,0.1767278744755412,0.4015718309414366,0.0,0.0402165185059692,0.083311928701258,0.0819690201229842,0.5954754866669827,0.012309822,0.4979540819200911,0.1333727005920559,0.2849337861399835,0.012643171,0.3199166462432243,0.1729361157580543,0.230623532607492,0.0,0.0810670465355996,0.0360827941273079,0.0,0.0253221039036216,0.0400579667101441,0.1239914261008533,0.2044177963989162,0.0,0.0,0.0507197301472236,0.0,0.0,0.105635134952142,0.0758036655614101,0.0856340863257499,0.4581554512123851,0.0088491393767753,0.1700180058864893,0.1250215505161558,0.0,0.1222242061543509,0.1856796044778883,0.0138199450320093,0.2558626256930266,0.241673363924473,0.0018584303875331,0.0847175963693389,0.0,0.0091106292997981,0.0199150121646461,0.0,0.0,0.0031698969116275,0.0186423086475931,0.0,0.0171466312574405,0.0,0.0,0.0438520241928722,0.0,0.0339310079836721,0.0,0.036371386421019,0.1611552479762477,0.0,0.0553534397157016,0.0,0.0,0.0,0.0,0.0,0.0,0.0,0.0577045132445348,0.0699223868585645,0.0320775104929327,0.0001986254360468,0.0,0.0140288544121811,0.0052420487750961,0.0068503484402333,0.0154706442895905,0.0659756162020454,0.0074453369058579,0.0807481528163727,0.0323389959980641,0.0503039442148904,0.010203935780058,0.0,0.0,0.0305262607460162,0.0
AC progenitor-like 2,0.0,0.0,0.0,1.1726477050290368e-05,0.0123560540195195,0.0,0.245795785698291,0.0,0.0,0.0,0.0,0.0089239407823053,0.0,0.0,0.0,0.0004196478777337,0.0,0.0,0.0,0.1215386789996534,0.0,0.0,0.0003304964452244,0.0,0.0,0.0196087474628282,0.0617820686294056,0.0,0.0023256723927607,0.1213736394630417,0.0,0.0,0.0,0.0580943672504037,0.0103302934635342,0.0353916816364099,0.0081100320605315,0.0,0.0,0.0,0.0,0.0002128914599477,0.0096825040873594,0.0004358392046102,0.0,0.0,0.0,0.0016632369766166,0.0,0.0,0.0,0.0,0.0,0.1563909420273725,0.0,0.0,0.0997657788672295,0.0,0.0328866889973587,0.0,0.0042497685411426,0.0,0.0,0.0102046552961315,0.0082096959845495,0.0,0.0,0.018937474,0.0,0.0,0.0,0.0428694721175894,0.0,0.016089932522913,0.0,0.0405900069114399,0.0,0.0061437409456859,0.0,0.0,0.0,0.0005356552233841,0.0001552743850518,0.0,0.0003690233060026,0.0,0.0,0.0,0.0126433487659679,0.0,0.0,0.0,0.0249905338771857,0.0,0.0,0.0,0.0053668920274507,0.03260154,0.0,0.0,0.020256586,0.465048316383591,0.4259396266227502,0.7574716305063515,0.6524489983952557,0.5940761979328748,0.0654992259692247,0.6161490428647741,0.013456349993206,0.5287104114024165,0.7249520455473866,0.82143384,0.7342626147560757,0.761707984062773,0.6168444718957553,0.09228503,0.1095105673574806,0.1766143654974672,0.384685601960969,0.0032780753683744,0.0,0.0,0.0012867503135997,0.0,0.0,0.0,0.0,0.0,0.0,0.0,0.0,0.0,0.2089495081631507,0.035207884672831,0.0007363986205229,0.1051163887548696,0.0842343501887039,0.0360337006009016,0.0960456362571067,0.0,0.2660619456682261,0.2422834867487257,0.0659557388867422,0.1047973919637159,0.0462956550298462,0.0018548900427216,0.098977351376119,0.013635811,0.0,0.0,0.0,0.0,0.0,0.0,0.0,0.0,0.0,0.0,0.0,0.0004905059771059,0.0600597533924332,0.0,0.0,0.0,0.0,0.0,0.0,0.0,0.0,0.0199346509454942,0.0,0.0005889861675208,0.0,0.0,0.0,0.0,0.0,0.00084967207,0.0,0.0,0.0,0.0,0.2215995157925211,0.0,0.0629506468115623,0.0,0.0217698368083962,0.1849026546995172,0.0,0.0026284311846521,0.2207337002326019,0.0
AC progenitor-like 1,0.0,0.0017569650187062,0.0,0.0001245313946812,0.0032974197428904,0.0,0.0358534610255148,0.0001528815813368,0.0,8.803635754643812e-05,0.0013596892914832,0.0021612987089705,0.0,0.0,0.0,0.0,0.0018112309020016,0.0,0.0,0.0,0.0,0.0,0.0,0.0,0.0,0.0192612437266961,0.0002878807888309,0.0,0.0160306810430631,0.0,0.0,0.0,0.0,0.0,0.2098767753284864,0.02517826047078,0.0,0.0062095139471793,0.0236728749676669,0.0,0.0406418847864082,0.000171795157435,0.0081778275679179,0.0,0.0752403035002867,0.0,0.0083193378374608,0.0,0.0244317401912979,0.0,0.0,0.0,0.0,0.0,0.0,0.3654097474554685,0.0058844580343781,0.01775429885073,0.3753693736050984,0.0,0.0,0.0,0.0,0.2382864637264796,0.0,0.0,0.0,0.0,0.0,0.0,0.1151247151064314,0.2739475005231954,0.0136800143059818,0.1373668488248783,0.0039713529024532,0.0131056017416339,0.043863248527306,0.0001773696739571,0.0,0.0078062581828046,0.0,0.0018773770432675,7.684172422569513e-05,0.0,0.0,0.012820226,0.012320788676058,0.0,0.0,0.0,0.0,0.0,0.0,0.0008157253686522,0.0,0.0,0.0,0.0044527664,0.0503863478271466,0.2157076834435109,0.0,0.5238793300232781,0.0,0.1445432675696299,0.4196798348192881,0.9886498663993992,0.8394981298951154,0.0757286638765534,0.840291110926447,0.0324339686252551,0.0,0.01408344,0.1029950454591102,0.6404730696996291,0.0586165362810874,0.9677993,0.2866164185927462,0.5270588209475708,0.7133835814072537,0.0,0.0,0.0,0.0,0.0,0.0,0.058422342779537,0.0,0.0,0.0,0.0,0.0,0.0,0.0253775314975424,0.0313473824349562,0.0980921633292494,0.6718342402495029,0.1038107693631094,0.0496290635114321,0.0,0.1573764529453075,0.0657500959514227,0.4096605590527651,0.0306276196773438,0.0,0.0929045766209325,0.0,0.2704754963712536,0.00084427313,0.0,0.0,0.0005271610636802,0.0,0.0,0.0,0.0,0.0,0.0,0.0,0.0,0.0,0.0,0.0,0.0159917610521784,0.0445187549317051,0.0,0.001123426168208,0.0,0.0024793475117134,0.0,0.0,0.0041469435682053,0.0,0.0010272393283743,0.001811437795961,0.0010227807357644,0.0008277419738778,0.0002098878243174,0.0,0.0,0.0166995030120708,0.0,0.0339049189269502,0.0,0.0133480896268977,0.0042263549611075,0.0,0.0,0.1076825921813037,0.0,0.0074909793577834,0.0867674927928814,0.0
AC-gliosis-like 4,0.0,0.0,0.0057533817024459,0.0407917464633361,0.0,0.0,0.0,0.0,0.0,0.0002632641523898,0.0,0.0,0.0,0.0016219343642015,0.0,0.0048828058721404,0.0895664183156473,0.2819411,0.0045467689405274,0.0,0.48401564,0.0326250150108775,0.0,0.0254319205485813,0.0011206731660406,0.0,0.0,0.1021545974870177,0.0028103383070944,0.0565988460306536,0.003809731964896,0.0,0.0,0.0,0.1073676518977864,0.0,0.0,0.0030326725507634,0.0009303020319269,0.0,0.0,0.029417095553837,0.0145152949305079,0.0012748362409256,0.0,0.0,0.0425324502443426,0.0233894083806266,0.0,0.0,0.0,0.0,0.085334310607872,0.0,0.0,0.0070258054789316,0.1229478622975469,0.0135226957287826,0.0,0.0,0.0038495528296117,0.0,0.0486231322602753,0.0,0.0,0.0,0.0129687641049291,0.015921315,0.0,0.0161451691449518,0.0,0.0,0.0,0.0006418502518078,0.0015982729994508,0.0,0.0121905820950519,0.0,0.0,0.0085020172733538,0.0,0.0,0.0,0.0,0.0,0.0,0.0,0.0,0.0,0.0,0.0,0.0040122886633889,0.0,0.0,0.0,0.0,0.0,0.06070294,0.0,0.2218366234884463,0.0,0.0,0.0,0.0014510577878521,0.0,0.0288782549028048,0.0,0.0,0.0220044942174437,0.0,0.0,0.0,0.0,0.0,0.0002254286864551,0.15741904,0.0,0.0,0.0116009133347528,0.1199295636349808,0.7298903404419863,0.8646402260254923,0.0441583437278034,0.9149894311397636,0.804514681509202,0.4150377636405901,0.8734953331042112,0.0204307829173701,0.6149285313818823,0.7549304663927873,0.0219010178003364,0.765454970543135,0.0,0.0,0.182479647225654,0.0,0.0290612396416974,0.0,0.0551427101739381,0.1111883822913239,0.0235363571791572,0.0,0.0,0.0,0.0,0.0,0.2884815198492892,0.0,0.0,0.0002214793652251,0.0159794185117086,0.0,0.0,0.0,0.0015391279033271,0.0022735861512082,0.0,0.0,0.0,0.0121702755191723,0.0,0.0,0.0,0.0,0.0,0.0,0.0,0.0,0.0,0.0467632985178608,0.0,0.0197622636428597,0.0,0.0035999979005523,0.002077988020057,0.0,0.0,0.0,0.0157257311153647,0.0014317022963331,0.0,0.0,0.0,0.0,0.0264675921254523,0.0,0.0,0.0,0.0,0.0,0.0,0.0
OPC-like 2,0.0,0.0,0.0,0.0,0.0025255825689992,0.0,0.0,0.0,0.0,0.0,0.0,0.0,0.0,2.842814854535161e-05,0.0,0.0,0.0019198829816044,0.0,0.0,0.0,0.0,0.0,0.0,0.0,0.0,0.0,0.0042348647299478,0.0,0.0,0.0337478663485153,0.0,0.0011666296696109,0.0,0.0,0.0022385928696897,0.0,0.0560175043896137,0.0016644094678049,0.0,0.0,0.0,0.0,0.0,0.0018907234416428,0.0,0.0,0.0,0.0,0.0093181759153573,0.0050172009206175,0.0,0.0,0.0802042081840467,0.0,0.0765032349842256,0.0,0.3041775594400415,0.0,0.0565351661513482,0.0,0.0566151470819471,0.0153994763622572,0.0014617982087038,0.0175890341578279,0.0529522498792391,0.0,0.3029610605737387,0.7696577,0.0,0.0,0.3705314766552365,0.4040106250794892,0.0224599628687807,0.0051014107435765,0.0024819247394811,0.0646715735478044,0.0244263651763403,0.0017451720814871,0.0,0.0008756869401533,0.0,0.0,0.0,0.0007390621675352,0.0,0.0058208783,3.729895473645257e-05,0.0,0.0,0.0,0.0,0.0,0.0059111144041165,0.0,0.0070939879251923,0.0676294479664609,0.0,0.0,0.0515128694644931,0.0,0.0,0.2422003421592201,0.0,0.0,0.0,0.6422160068321027,0.4517012894891338,0.0124334406799145,0.017189219440192,0.0199867498277903,0.0,0.18765092,0.0,0.4175961059610457,0.0185194784860918,0.0,0.0,0.2074764106860945,0.5009340757403625,0.0,0.0104088064553575,0.0,0.0,0.0,0.0850719536425747,0.0053906675198075,0.0206276725156434,0.0073176032565094,0.0204768762858552,0.0592177949938774,0.0,0.0037298253102028,0.5747073289378459,0.1378905184008875,0.0280672184700859,0.6159045690936523,0.8969961266613329,0.8257362803590701,0.419409975805362,0.6646170782184018,0.4512080096442677,0.0890107734688488,0.0054489602222548,0.2983283886732333,0.4064277934388615,0.0030231105554814,0.0228469207434372,0.0,0.0,0.0225424449908693,0.0026137162989997,0.0,0.0,0.0108279386734757,0.0,0.0020587004357014,0.0681203254367357,0.0,0.0036575558192706,0.0,0.0239015925679885,0.0389065208707857,0.0266696494961423,0.0533641711730336,0.016488647,0.0073232888635695,0.0,0.019327406781168,0.0,0.1343094546575196,0.0,0.0005773805175109,0.0032498133508498,0.020293823327251,0.0272224406814307,0.0127112762323876,0.0,0.0,0.0087334739168105,0.0091018811124231,0.0,0.0040407745988276,0.0384023604019864,0.0113127077720376,0.06719939965845,0.0,0.0068244586597041,0.040236670539657,0.020381888,0.0021297563295344,0.0388268696708693,0.0
OPC-like 1,0.0,0.0,0.0108061730682944,0.0,0.0,0.0,0.1373389998238247,0.0,0.0,0.0024077860180624,0.0,0.0,0.0,0.0001075242652763,0.0,0.0,0.0,0.0,0.0,0.1239053590009529,0.0,0.0,0.0,0.035803094263773,0.0075048782513587,0.0541045307818559,0.0,0.0,0.0355194817982699,0.1752179193996141,0.0012943261868686,0.0270440178712164,0.0,0.0642763797811594,0.3208734898390755,0.2538222954234855,0.0083623050913026,0.0210875268950444,0.0,0.0,0.0,0.0,0.0486149088936687,0.0401258530023447,0.4618885572716278,0.0087032059858505,0.0858339374167798,0.0043420349883913,0.0379129117479578,0.0048930404395977,0.0,0.1107084761966463,0.0,0.1203767241379731,0.1571730919966156,0.1200478710879804,0.1884700437828399,0.0210199190039566,0.1433404031354761,0.0075416790174682,0.0128558757723592,0.0,0.0,0.097568248647183,0.0053260472137392,0.0,0.0,0.10143004,0.0,0.0,0.0688914958538101,0.0,0.0789290954616338,0.0978769200299147,0.0116718556166052,0.0427538007419545,0.3331929825700772,0.0,0.0,0.0,0.0,0.0,0.0,0.0,0.0,0.007062363,0.0028891815751651,0.0095497908478763,0.0096954053893553,0.0,0.0,0.0,0.0,0.0,0.0,0.0206942318244376,0.0088983073953378,0.1984201,0.0745507938505631,0.2264433993238911,0.14415479,0.3220501070353161,0.0428577689589542,0.1071419973281777,0.1932768865291001,0.6082950524038802,0.0770359820394523,0.1178882990651215,0.1555349301965596,0.0217067470149495,0.3094763702963279,0.0,0.1752350983551461,0.3691198096967303,0.0229683532552034,0.5489327,0.6186086397970255,0.1042767881619962,0.207484002138952,0.0,0.0817629468680497,0.0173438986110135,0.0,0.0221268779791772,0.0050752027946835,0.0677292480587898,0.0,0.0,0.064155039713738,0.0930514698958678,0.0,0.0042165172019064,0.0844584479204644,0.0875995845186548,0.1311321236119073,0.5455674297475775,0.1010030771951767,0.3170324558892606,0.2046696897182014,0.1814993085058228,0.3427049133327108,0.218129589306566,0.0310592557147518,0.1154822641288243,0.3282099517851619,0.0,0.1361813086817626,0.0,0.0,0.0,0.0,0.0,0.0002239599697105,0.0061856828776428,0.0,0.0023048890270897,0.0,0.0,0.0,0.0,0.0,0.0,0.0477783579900256,0.0546033785808735,0.0,0.0018728412052237,0.0,0.0,0.0,0.0,0.0,0.0,0.0,0.0049165521441332,0.0050817079207938,0.0020820046422657,0.0,0.0,0.0082407216887738,0.0,0.0036897100083037,0.0568646868736497,0.0518648187402666,0.0112324270038937,0.0258446785062763,0.0788534617275284,0.0055389483492811,0.0292882609599769,0.0,0.0,0.0281293003528126,0.0
OPC-NPC-like 1,0.0,0.0,0.0019304041097628,0.0,0.0,0.0,0.0087012045355625,0.0022037159866021,0.0,0.0,0.0,0.0,0.0,0.0,0.0,0.0,0.0,0.0,0.0,0.0,0.0,0.0,0.0,0.0,0.0,0.0,0.0,0.0,0.0,0.0316839075177285,0.0,0.0,0.0,0.0,0.0,0.0186236778201538,0.3368495503433272,0.0,0.0,0.0,0.0038073845552958,0.0,0.0,0.0022083395066783,0.0,0.0504489413561742,0.0004497979534934,0.0,0.0,0.0056339471901599,0.0,0.00712053304774,0.0677018160117159,0.0,0.1273196238520045,0.0,0.3135498849810159,0.0,0.0934054761717161,0.0,0.0674425849699528,0.0,0.0076435916619975,0.0,0.040545088109667,0.099065274,0.0802975527697558,0.740702,0.0,0.0113799984528033,0.1804211337201696,0.2962858458858142,0.0783284802912488,0.0803733080222163,0.0,0.10633670691622,0.0028281459985575,0.0,0.0,0.0,0.0,0.0046633524698995,0.0,0.0,0.0,0.0,0.0,0.0397467060020794,0.0,0.175629853381242,0.0,0.0,0.0065579836392017,0.0034549802190246,0.0,0.0583320338359589,0.009451657792908,0.0,0.0113901252186079,0.0,0.03129611,0.0,0.1796250840401709,0.0198280257099527,0.0480341546309488,0.635345003021233,0.2353595494784566,0.0253210069423499,0.0088960363858167,0.0458275420233701,0.2431379016841406,0.10659698,0.1383759281084077,0.2058827619038826,0.0120261748945853,0.0,0.2776780462627335,0.4459936012946752,0.2473556826424503,0.0008750374687441,0.0085012497217857,0.0,0.0022912962315552,0.0,0.016866729635532,0.0336906433031452,0.0447141263166299,0.0968856044627275,0.0,0.0473999862419092,0.014013432316276,0.0,0.5468023690254367,0.2719635155414961,0.2211510583034091,0.4710382429500206,0.6063506122910135,0.6279789700332231,0.5841244567975624,0.0242482306396808,0.3532331139994806,0.160423804833701,0.0202338296009234,0.3484268020980089,0.6014166072764016,0.0035691476986534,0.0,0.003259599,0.0,0.0357127987292842,0.0096156842173144,0.0,0.0015725259072494,0.024652462668684,0.0,0.0022866565664285,0.0129502764246308,0.0085497062623581,0.0,0.0,0.1024196253743097,0.0082651809172286,0.004526715664999,0.0,0.002392209,0.0,0.00044079887,0.0,3.638251e-05,0.3562316614309456,0.0,0.0,0.0,0.0063306390082511,0.0113383259819745,0.0067322243384561,0.0,0.0,0.0,0.0,0.0,0.0,0.0686296529553239,0.0068188746043653,0.0802927007067299,0.0,0.0454415881345171,0.0,0.016210593,0.0,0.0,0.0
Oligodendrocytes 2,3.852854214634467e-05,0.0020515130598052,0.0,0.0,0.0,0.001108657629836,0.0186586394797987,0.0153402316505717,0.0,0.0055522272530115,0.0005859366267643,0.0,0.0,0.0,0.0007984205738195,0.0,0.0,0.0,0.0,6.455807673060296e-05,0.0,0.0004388522391887,0.0003057858248679,0.0,0.0,0.0,0.0345599734363814,0.0,0.0154164935104251,0.0,0.0,0.0,0.0,0.0,0.0002719308091951,0.0035221636849792,0.0273157034350703,0.0,0.0,0.0,0.0,0.0,0.0002734943023127,2.7431669227110308e-05,0.0006421068183515,7.605563660909286e-05,0.0,0.0,0.0,0.0,0.0,0.191615881378058,0.0026388493496836,0.0021702776645199,0.0448816142404366,0.0,0.0,0.0023983464698836,0.0,0.0,0.0033231852367422,0.0,0.002382601434886,0.0,0.0,0.0,0.0004062419897321,0.0,0.0,0.0,0.0076873122266123,0.0020690716877133,0.0,0.0027527752196126,0.0,0.0096647657865828,0.0022609304229962,0.0012377396157097,0.0,0.0,0.0002286616435269,0.0118284549501275,0.0,0.0,0.0,0.0,0.0,0.0025839516946739,0.0,0.0,0.0139204669437807,0.0,0.0059236247377841,0.0,0.0,0.0,0.0055096451722392,0.003983874,0.0009781843498474,0.0,0.0052186153,0.0234684732161371,0.0129350824089668,0.0,0.0042856281604387,0.0,0.0299099573833919,0.014004718732908,0.0,0.0386428224526704,0.0083338200893193,0.0,0.3602610968044067,0.0045378378111856,0.0155215804331193,0.0,0.012499930437282,0.1186343003499878,0.0,0.0,0.0,0.0,0.000804205028233,0.0,0.0068465569942189,0.0,0.0,0.0,0.0,0.0130510076623503,0.0511917897259199,0.0,0.0,0.00929987354737,0.0,0.0,0.0,0.0025868615496597,0.0,0.0,0.0,0.0204461067908747,0.0,0.0,0.0063765198466264,0.9201040645012568,0.1968932212332403,0.99030906,0.7126647780371734,0.2110677357490613,0.9258460202937424,0.9649382953174096,0.9458988210590908,0.0020840911509141,0.7317004697647935,0.9716271635125704,0.6343793119797745,0.7644639563140894,0.0,0.2771650528974083,0.9809739494458724,0.0,0.0001231556028527,0.0,0.0,0.0012040288530196,0.00010543637,0.0552152649240775,0.00038306226,0.0,0.0863469793218987,0.0,0.0365673781853237,0.0,0.0,0.0044393363060029,0.0319727460512168,0.0,0.0556899502460084,0.0,0.0,0.0,0.0021837260080507,0.0305393486609589,0.0,0.1469575036359642,0.0161401596028818,0.0105475333561706,0.0,0.0851165020898658,0.0,0.0
Oligodendrocytes 1,1.4069233108442451e-05,0.0005139741799988,0.0008158653403911,5.139466620217958e-05,0.0,0.0,0.0,0.015982294976197,0.0,0.007707738406457,0.0,2.3532833402587976e-05,0.0,0.0,0.0001627877879999,0.0,0.0,0.0,0.0,0.0,0.0,0.0005249118734941,0.0,0.0058647765786884,0.0,0.0008560289242032,0.0,0.0007405705387324,0.0,0.0002422005857271,0.0,0.0,0.1075193205510943,0.0063219499315472,0.0085188095922372,0.0033427376752821,0.0454849822037908,0.0,0.0,0.0,0.0,0.0,0.0,0.0,0.0004756288300093,0.0,0.0,0.0,0.0809071612906884,0.0,0.0,0.214766247669131,0.0,0.0,0.0,0.0,0.0836987045833509,0.0083407033159052,0.0,0.0332123823277078,0.0534475309050878,0.0123743185053087,0.0,0.0,0.0,0.0,0.0,0.0,0.0,0.0,0.0010248722582231,0.0001837114932748,0.0,0.0,0.0,0.0497516445230221,0.0,0.0,0.0,0.0,0.0,0.016843545114103,0.0,0.0002000279141402,0.0,0.0,0.0,0.0,0.0,0.0,0.0,0.0039528359870122,0.0,0.0,0.0,0.0,0.0067270208081657,0.0,0.0,0.0,0.0,0.0,0.0053773191140754,0.0038139862400844,0.0,0.0004545001579361,0.0,0.0,0.0,0.0164588518167881,0.0,0.0,0.2786201123694807,0.0018976994197265,0.0,0.0,0.006808974642631,0.1076286252362531,0.0027153952811437,0.0,0.0,0.0072342670321451,0.0,0.0021141902812267,0.0,0.0001340535069451,0.0001551811725257,0.0002539119419311,0.0,0.0,0.0259015002086263,0.0,0.0,0.0562804729508656,0.0004149124181806,0.0024104182466445,9.826778163965532e-05,0.0,0.0,0.0,0.0001053535351077,0.0,0.0181202475125883,0.0283956042188025,0.0480310417646557,0.5523543123302852,0.4893121514220209,1.0,0.1096265457126022,0.6281197134506987,0.6629220757246269,0.8697198866031159,0.903800030250472,0.0281628444315954,0.3398603818858118,0.9414331031275588,0.7107082570571674,0.4897852751362999,0.2812164915755122,0.8703676980468855,0.9162499007504468,0.0043383680897833,0.0,0.1300969884492978,0.0,0.0,0.0,0.0546340179175247,0.0,0.0039027630235905,0.1185799659209685,0.0,0.0307719530618709,0.0002607672653716,0.0004059381611882,0.0004336818894157,0.0451002690302279,0.0,0.0903178739081492,0.0060182398576819,0.0758513578830191,0.0,0.0,0.0,0.0,0.1690295014939725,0.0,0.0,0.0,0.0804242219289641,0.0,0.0121762563601833
Exc L2-3 IT,0.0044119089454072,4.952861486058568e-05,0.0307132348307626,0.0,0.0,0.0,0.0054625029933824,0.0,0.0,0.0,0.0,0.0,0.0,0.0,0.0297476847243498,0.0,2.0637034698170795e-05,0.0,0.0,0.0006054320784564,0.0,0.0,0.0,0.0572438401665668,0.0026934138429586,0.0,0.0,0.0,0.0004229456661968,6.807880128667462e-05,0.0,0.0,0.0,0.0154633650079514,0.0014393644477171,0.0004469850138101,0.0,0.0,0.0016999904821427,0.0,0.0,7.585769061105055e-06,0.0012191788991156,7.25899128998363e-05,0.0081679310007614,0.2433313645516469,0.0073746109066485,0.0,0.0,0.0,0.0,0.0,0.0133348701382891,0.0,0.0,0.0026996575159586,1.312569612501501e-05,0.0,0.0,0.0,0.0,0.0,0.0499355868310925,0.0,0.0,0.0,0.0212979713716929,0.0032141074,0.0,0.0,0.0,0.0,0.0,0.0,0.0005712823038225,0.0,0.0149965192806344,0.0006909904914456,0.0,0.0,0.0,0.0,0.0,0.0,0.0,0.0,0.0,0.1424059044408549,0.0,0.0,0.0,0.0,0.0,0.0,0.0,0.0,0.0,0.0,0.3031874849390062,0.0,0.0,0.0,0.0892336316303017,0.0,0.1665246850783613,0.0002293042531945,0.0,0.0,0.0,0.0,0.0,0.0,0.0,0.0,0.0,0.0,0.0962842240242977,0.0,0.1448237157434589,0.0,0.0035718970569884,0.0702157728262542,0.0,0.0,0.0621682109119503,0.0,0.0,0.0,0.0,0.0,0.0001137637137583,0.0002928587274124,0.0003982062617184,0.0,0.0,0.0,0.0,0.1595418892133592,0.0,0.0,0.0,0.0,0.0186140420798503,0.0,0.0,0.0,0.0,0.0,0.0,0.1152570487495081,0.0,0.0028816765712914,0.0,0.0,0.0,0.0385847613115215,0.0227512032945095,0.0,0.0,0.0,0.0,0.995029069698076,0.973638055028824,0.0,0.87239695,0.1545028687017884,0.017107075,0.11315319921695,0.036746565,0.9862009811547156,0.2977812432752315,0.991655820435326,0.5338505040882373,0.5593328568202708,0.0329354519796716,0.2527970386953314,0.9982677768248704,0.0,0.0,0.996120060086499,0.0,0.0,0.0,0.0,0.0,0.0,0.1320907114289224,0.0,0.07053535,0.0313619044179444,0.0,0.0
Exc L4-5 IT,0.0,0.0,0.0390663827581217,0.0,0.0,0.0,0.0,0.009179402037864,0.0,0.0021757890855356,0.0,0.0,0.0,0.0,0.036150771185713,0.0,1.3154342887008678e-05,0.0,0.0,0.0001849313655768,0.0,0.0,0.0,0.0690538015202247,0.0002824110949739,0.0,0.0176969770112942,0.0,0.0,9.478354103176728e-05,0.0,0.0,0.0,0.0217366704307888,0.0,0.0,0.0022518936423038,0.0,0.0,0.0,0.0,0.0,0.0,0.0,0.0,0.2209101735701633,0.0,0.0,0.0688244172304107,0.0,0.0,0.0385696097227023,0.0582621816763785,0.0063851959188999,0.0,0.0,0.0,0.0,0.0,0.0,0.0,0.0023473631074078,0.0444174576393397,0.0,0.0,0.0,0.0296708908379186,0.0,0.0,0.0,0.0,0.0,0.0,0.0,0.0,0.0083205272628762,0.0,0.0,0.0,0.0,0.010211974655816,0.0025943388700377,0.0,0.0,0.0,0.0,0.0,0.1424576268710545,0.0015462642056367,0.0,0.0234711439781592,0.0053615556348751,0.0,0.0001325069555657,0.0,0.0,0.0119428084763573,0.0016778527,0.2947936877934946,0.0,0.0004943824,0.3396620774826216,0.0626734554028944,0.0,0.1415087783479258,0.0002719846243239,0.0,0.0,0.0077874670637996,0.0,0.0,0.00025607826,0.0703845189859316,0.0099727774863493,0.0006716353279411,0.0,0.1711273003602754,0.0,0.1142224507463656,0.0,0.0,0.1024512979370071,0.0,0.0,0.0662992218964041,0.004914369818229,0.0,0.0007705962827777,0.0,0.0,0.0,0.0,0.0217398241858931,0.0163889365088635,0.0060331692260497,0.0,0.0042996876642099,0.1745765593725324,0.0,0.0,0.0,0.0,0.0291573637390676,0.0,0.0801500486558488,0.0111666779421352,0.0,0.0006985124,0.0,0.0713992647481814,0.0,0.0,0.0,0.0,0.0,0.036602139239809,0.0172458123660195,0.0,0.0,0.0028109019306285,0.0118966550814773,1.0,0.9476924436850728,0.20905346362649,0.0074389633,0.172422898573898,0.8301149,0.1655535345526926,0.15612891,0.9777131652739366,0.6949840110798927,0.9811253465677272,0.0760073779617695,0.1608712693201432,0.0577452531098258,0.6085806564878903,0.8571474706443305,0.0,0.0,0.999717588905026,0.127081459746191,0.0449079739475289,0.0,0.0,0.0,0.0,0.0681009682914638,0.0497625947810769,0.0031903407,0.0444780684684119,0.0091353634058744,0.0036274267237841
Inh SST,0.0337207861260821,0.0001105494485821,0.0249377320731946,0.0002790705065406,0.0,0.0474781673519169,0.0,0.0130278531216754,0.0094585851511565,6.725129826668157e-05,0.019734687713865,0.0,0.0,0.0,0.0145895722257462,0.000124006558249,0.0,0.0,0.0,0.0009085394865522,0.0,0.0006001318215657,0.0043762005213595,0.052412378964902,0.0080630247730593,0.0035533755150334,0.0103055935921701,0.0,0.0009562780953552,0.0,0.0015543513643019,0.0274222991325423,0.0,0.0291513537802234,0.0,0.0018134152338834,0.0,0.0,0.0210257427803736,0.0,0.0005771454484531,0.0070982522999124,0.0305779701692014,0.0003091804783703,0.099716977284739,0.0761134483343888,0.005146768496712,0.0036781028285999,0.0638058382113693,0.0,0.0121877438800981,0.0042592120631031,0.0245376486415932,0.01480279104661,0.0,0.033789736914925,0.0,0.0,0.0,0.127246407911714,0.0,0.0424397205274304,0.0441091773644483,0.0,0.0,0.0,0.0243744997525895,0.0,0.0,0.0,0.0,0.1320250113781243,0.0,0.0,0.0,0.0,0.0,0.0005154591326855,0.0,0.0,0.009745469777574,0.0,0.0,0.0793991276878479,0.0118381307895102,0.0,0.0,0.1409284970620819,0.0005644008990865,0.0,0.0292437615578718,0.0,0.0,0.0,0.0,0.0071876584080483,0.0439887520883179,0.0,0.1954602892460825,0.0076537256492309,0.0,0.2264242694602596,0.1165074946718357,0.0,0.2713478711896662,0.0014420147866428,0.0,0.0,0.0014848290031198,0.0,0.0,0.0,0.0295989511870602,0.2192751190252203,0.0244760704709359,0.0,0.1058185562192686,0.0,0.205718519636573,0.0193160572055408,0.0,0.0662862087422279,0.0,0.0,0.0484774896748145,0.0,0.0,0.0,0.012347786749441,0.0125209742375759,0.0,0.0,0.0085258293324759,0.0140550151268909,0.0050499518867875,0.0,0.0,0.1446400554178971,0.0684394522210229,0.0,0.0172557621501967,0.0037545495850577,0.0331334260633794,0.0,0.1295321650350376,0.012420680650409,0.003233929054894,0.0,0.0344876259122417,0.0691973467262634,0.0,0.0,0.0,0.0067203823694971,0.0,0.035279387171503,0.0465403682984523,0.0,0.0047698112700191,0.0044766119508388,0.0120351727710226,0.8423532387648446,0.8830717744368733,0.2255684273549805,0.34946102,0.0829882674452775,0.2676215,0.6211692518394744,0.3829175,0.2990195419189415,0.1797801998411101,0.983742946948948,0.1126909718956163,0.2176791289609313,0.3608584615479758,0.2461399646783512,0.8533825789590568,0.0,0.0893585597786675,0.9863539481336806,0.143587618211243,0.0415684760380197,0.0,0.0,0.0596933362956806,0.0,0.0992397332064653,0.0106193020437244,0.0,0.0364223030572423,0.0111303814215054,0.0
Inh PVALB,0.0031554987321861,0.0001671868095175,0.0100139136168229,0.0,0.0,0.0488358173060013,0.0,0.0161874490812091,0.001534789429266,0.0014656626683358,0.0493569184439884,0.0,0.0,0.0,0.0135997151328306,0.0035203693953372,0.0,0.0,0.0,0.0004637983781148,0.0,0.0073004792999703,0.0161799970573665,0.1190276288371754,0.0311209171389663,0.0,0.0231860870683617,0.0,0.0,8.129318971426265e-05,0.0,0.0,0.0,0.0587785626618401,0.0,0.0018085370776574,0.0003374865770132,0.0,0.0457431002492765,0.0,0.0077659886042545,0.0153156710020492,0.011549102412148,0.0058972808206789,0.0366076778577615,0.0903573441181108,0.0065690421356129,0.0,0.0758907014197264,0.0001051948009731,0.0,0.0289136515704779,0.111476022473026,0.0,0.0045903972137441,0.0465217425704998,0.0,0.0,0.0,0.0770020167316971,0.016886179290452,0.0,0.006012948311357,0.0,0.0,0.0,0.0666567323424676,0.014586041,0.0,0.0,0.0,0.0600360020378257,0.0,0.0,0.0,0.0104809924999513,0.1065431414238071,0.0197336932315306,0.0,0.0,0.0641406397181482,0.0,0.0,0.0309477518405199,0.0051658607851333,0.0,0.0,0.1447998171321252,0.0,0.0,0.009909339243571,0.0038633428590599,0.0008190190864904,0.0,0.0,0.0,0.0447938509390627,0.0014536732,0.2223661436114954,0.0,0.00460787,0.2042408964705182,0.0,0.0126325037273313,0.2855159451463959,0.0003618438316028,0.0046603122422467,0.0,0.0014683355515314,0.0,0.001864918210149,0.026261711,0.100661453982923,0.1244923699413709,0.0767967117912128,0.0,0.0695933716824978,0.0,0.1701613781694466,0.0,0.0,0.1451707243459377,0.0029980902989558,0.0,0.1388579941510768,0.0291384478652264,0.0,0.0,0.0481396259847869,0.0,0.0,0.0,0.1598844805372311,0.045984832750038,0.0288294457015657,0.0107868660692201,0.0030037995392179,0.112959952154983,0.0880661757856139,0.0,0.047093592939223,0.0,0.0335646492092479,0.0639072749117693,0.1491508730711711,0.0125104871175094,0.0,0.0,0.0116269684252237,0.0298661408830299,0.0,0.0,0.0235724269893254,0.0,0.0,0.0330632246821318,0.0,0.0,0.0,0.0,0.0077314183928723,0.7244357624705997,0.4908477831610464,0.2487473737961808,0.09875542,0.1377961164059289,0.33985585,0.8858223479520364,0.4863996,0.7127493600237276,0.0909840610358998,0.9390283068939896,0.0056210714876034,0.0602903490659564,0.7116094873743412,0.0897557153314832,0.7445882976980792,0.0,0.0846599113535997,0.8089443981264327,0.054060877425009,0.0246677459495111,0.0,0.0,0.0,0.0,0.0572924317472438,0.0302531822359824,0.02807985,0.00319835050654,0.0327070411715122,0.0
Deep layer astrocytes,0.0,0.0,0.0065553510037115,0.0014911812747932,0.0,0.0,0.0,0.0112000627320415,0.0,0.0002978426087693,0.0447675581221702,0.0,0.0,0.0,0.0009836139941686,0.0,0.0,0.0,0.0,0.0,0.0,0.0,0.0,0.0136335895904417,0.0267165956245037,0.0,0.0,0.0,0.1081758325045677,0.0,0.0025987862664453,0.0,0.0,0.0574884278089884,0.011268106032095,0.0,0.3550505650202487,0.0,0.0832234617211482,0.1344136784058116,0.0,0.1305296573704207,0.0,0.0,0.0,0.0,0.012868202780993,0.0,0.0388924888662286,0.0,0.0,0.0,0.0,0.0,0.0,0.2225525000717302,0.1970246824407025,0.0,0.0,0.0,0.0,0.0,0.090128045145454,0.0,0.0,0.0,0.0219322765707613,0.0,0.0,0.0,0.0,0.0,0.0,0.0734044834851252,0.141042965576445,0.0140859005814549,0.0,0.0,0.0,0.0,0.0,0.0,0.0,0.0,0.0,0.0,0.0,0.1193826804332105,0.0,0.0,0.0068579957651009,0.0,0.0,0.0022834165544333,0.0,0.0,0.0164092547859911,0.0110388985,0.0,0.0399835491670388,0.0,0.2171170304990654,0.1503720047964583,0.2358044939711183,0.0,0.0,0.0,0.5885562382198676,0.0754680543918613,0.1626387792826325,0.0,0.015242986,0.0,0.0,0.163560307618662,0.05807661,0.0,0.0156199696404919,0.2640444189088282,0.0,0.3192296970254833,0.0,0.0,0.1785133923525166,0.0318911460040279,0.0244557989996763,0.0,0.0,0.0,0.0,0.0062008707207103,0.0,0.0,0.017148679367346,0.0034136016490527,0.1839462122432931,0.1693764754734882,0.0,0.102300284338914,0.1065986544414685,0.151229544336873,0.0,0.0,0.0035046595055854,0.1145766192421848,0.0070097047293131,0.0,0.065211765,0.0,0.0979034755828173,0.0042721303787229,0.1430822987870931,0.0525423240612943,0.0,0.0,0.0,0.0,0.0,0.0119763960134261,0.0,0.0,0.0,0.0550606589749135,0.2358328516125327,0.0,0.0,0.0,0.0,0.0,0.0,0.0,0.0,0.0,0.0,0.0,0.0002268495814013,0.0245695179619392,0.82208234,0.0798286000177005,0.0,0.0486882173541169,0.1124666167341872,0.9643212810451002,0.1373920062519953,0.0130024722606392,0.395566681545245,0.1456849701611316,0.1311298133321724,0.02834741,0.0,0.0375014105758721,0.0311320377037829
Neural-support astrocytes,0.0,0.0003801758121111,0.0008168169243973,0.0,0.0,0.0,0.0,0.0,0.0,0.0,0.0683454522787343,0.0,5.214112244786722e-05,0.0,0.0049992163033367,0.0,0.0012493148514343,0.0,0.0,0.0,0.0,0.1519485444383962,0.0005529842480212,0.0,0.0,0.0,0.0,0.0,0.0,0.0008319369478578,0.0035766021818592,0.0924333570609841,0.0078462550174583,0.0,0.0,0.002744397068312,0.2697180835951768,0.0,0.0,0.0,0.0,0.0109275867538268,0.0334070948670965,0.0,0.1277696121071758,0.0,0.0,0.0,0.0,0.0,0.0,0.0,0.0,0.2438273968575884,0.0,0.0,0.0,0.0,0.0,0.0,0.0562280420601091,0.0,0.0126826536025158,0.0,0.0,0.0,0.0116241414877246,0.019062405,0.0,0.0,0.0021177623281256,0.1881944929641088,0.0391010518285278,0.0111618121645688,0.0,0.0294943064603796,0.0133705442836584,0.0,0.0,0.0,0.0222155649013562,0.0,0.0,0.0,0.022279223987703,0.0,0.0,0.1158338513504514,0.0,0.0,0.0,0.0,0.0003524743460378,0.0,0.0023388728056499,0.0,0.0,0.0,0.0310039018748767,0.0,0.0009414196,0.1367935453647239,0.426000807564201,0.0355057867857742,0.4792898448963661,0.0065224472566687,0.0697127778780957,0.1571333705939144,0.0276234001074213,0.0953221335079851,0.0,0.015244718,0.175149567407734,0.1252718489175195,0.3690140863747534,0.0,0.0,0.1238119849084986,0.2772345973338767,0.103042084137962,0.0,0.0,0.0,0.0,0.0,0.0005848301249383,0.1209901116005868,0.0,0.0,0.0,0.0,0.0,0.0507908172947475,0.0,0.0,0.0,0.0235868174378637,0.0541540281077458,0.0,0.0,0.0,0.0,0.1985023342089454,0.0663267152470088,0.0390625386274433,0.0,0.0,0.013517855,0.0085908982475278,0.0875223893924572,0.0,0.092185912826661,0.0,0.0,0.0,0.0024733978845918,0.0854604638854552,0.067867816004666,0.0,0.0,0.2772496850322725,0.8308424343773917,0.1376306547375051,0.2789660788215536,0.09580783,0.0,0.07749892,0.050926469845246,0.09203469,0.0,0.109720657293533,0.2007495493323828,0.0450966313279135,0.0081454468698699,0.0152535249620025,0.0105174024933907,0.1101845422120804,0.03915215,0.0,0.5986888134870818,0.0,0.1262202478783138,0.1310039041298978,0.2320888302554569,0.826476022488878,0.3211358218765099,0.0632855260410391,0.3008974658406372,0.64673996,0.6334881902151698,0.0885658170069482,0.5179132646667812
Inflammatory astrocytes 1,0.0,0.0108941065659252,0.010777560634059,0.0040973213794948,0.0714426825327568,0.0,0.0812995485825331,0.0,0.0,0.0,0.1331549673016436,0.042671574322907,0.0,0.0205354767253957,0.0061636504190123,0.0,0.0006512360598677,0.0,0.0,0.1074509467393834,0.0,0.0,0.0,0.054334614949468,0.022017244207015,0.0,0.0433081543614258,0.0155764701656193,0.0,0.0,0.0,0.0,0.0,0.0253879714914105,0.0007479759422191,0.0128650434278191,0.0,0.05364129725079,0.1023331713671704,0.0197135001095356,0.0153596085895961,0.122588452191115,0.1732368862596907,0.0,0.0662881936077925,0.0,0.0,0.0,0.0,0.0,0.0,0.0,0.1274149342409,0.3658056909076031,0.0,0.1247067868741513,0.0112289892444117,0.0187210961089816,0.0,0.1161340017610672,0.0,0.0,0.0009961940194396,0.0057530170446841,0.0,0.0,0.053408274335939,0.056795552,0.015555033928468,0.0,0.0,0.0,0.0,0.0,0.0180827392474689,0.0,0.0,0.0,0.0,0.0,0.0,0.0,0.0104094645545114,0.0,0.0,0.0,0.0045717690383439,0.0796770635645357,0.0,0.0,0.0071700594088041,0.0,0.0213453108678817,0.0,0.0,0.0,0.0031033719524529,0.04611849,0.072046182444408,0.0,0.0,0.2250738178338998,0.0515619813569309,0.4053698811938984,0.5260353255776932,0.002159720702535,0.0995233224438116,0.6633815147370099,0.0,0.2371874737889286,0.5258924395771718,0.0135874525,0.0,0.2202746835226474,0.4456706679059158,0.009383966,0.1805322073062969,0.0,0.1748226533266875,0.000302844067483,0.0,0.0264658802840407,0.0,0.0114473866343845,0.1090169808725576,0.0,0.0251502822187013,0.0,0.0074127208955991,0.0005684761577286,0.0,0.0040131366415246,0.0,0.0,0.0,0.0,0.0,0.0,0.0,0.0,0.0169264930401081,0.0,0.0557693056154397,0.0,0.0,0.0,0.0858650370276495,0.0,0.0,0.0288280201928179,0.0005829403208147,0.0399220364517779,0.0605014501450484,0.0,0.0,0.1244979172353382,0.0086638120975003,0.0247258851783081,0.0,0.0695519528889025,0.0722998769497727,0.357293175426396,0.210959725027646,0.0,0.0,0.0314177264879332,0.0,0.0,0.0,0.0370207362717551,0.0,0.0,0.0,0.0240489988291334,0.0,0.014708411614929,0.0,0.44947866,0.0488375308870221,0.0217815129430915,0.0648717428362054,0.0656628066951418,0.0142836953729768,0.4788825248765621,0.9115787944540812,0.8926837376132968,0.0970778932899444,0.592411408692038,0.42463583,0.1419223357477498,0.0263471839918615,0.1655443000256098
