,annotation_coarse,feature,mean,proportion
0,AC-gliosis-like,JUN,0.6735681101729288,0.38929721291749325
1,AC-progenitor-like,JUN,0.642956409221686,0.3782774017711431
2,Gliosis-like,JUN,0.7586714888268155,0.43646077522760723
3,Hypoxic,JUN,1.0,0.41936094881471014
4,NPC-neuronal-like,JUN,0.18860007485597954,0.23901468667115316
5,OPC-NPC-like,JUN,0.0,0.14028612788377523
6,OPC-like,JUN,0.40827523732712057,0.27710632923298106
7,OPC-neuronal-like,JUN,0.14279017645729108,0.20596891923710856
8,Proliferative,JUN,0.5541096331913224,0.3590325188645347
9,AC-gliosis-like,IL6R,0.6024925345383878,0.11070278708250675
10,AC-progenitor-like,IL6R,0.3231816059726424,0.06615691764764359
11,Gliosis-like,IL6R,1.0,0.2069454287739192
12,Hypoxic,IL6R,0.6362394125650593,0.10379846429560124
13,NPC-neuronal-like,IL6R,0.0,0.014508530937017537
14,OPC-NPC-like,IL6R,0.0052570337733845365,0.011437290522828936
15,OPC-like,IL6R,0.21775656421608894,0.0433257865353479
16,OPC-neuronal-like,IL6R,0.022276037393882956,0.01736519896397457
17,Proliferative,IL6R,0.22774778305403545,0.05176518145885735
18,AC-gliosis-like,IFI16,0.5636816893696434,0.28807440892386743
19,AC-progenitor-like,IFI16,0.9148420391285171,0.39298998450871075
20,Gliosis-like,IFI16,0.5955721281185254,0.3050755056424794
21,Hypoxic,IFI16,0.7779611144831178,0.32809289991694957
22,NPC-neuronal-like,IFI16,0.12759638259488115,0.20785004552472192
23,OPC-NPC-like,IFI16,0.0,0.1328655824932511
24,OPC-like,IFI16,0.26130332685532176,0.2080027410328588
25,OPC-neuronal-like,IFI16,0.12629297517620897,0.182010831174947
26,Proliferative,IFI16,1.0,0.41362738052461373
27,AC-gliosis-like,TGFB2,0.8120672306272981,0.2842368857523822
28,AC-progenitor-like,TGFB2,0.9128856777895812,0.30636302635175994
29,Gliosis-like,TGFB2,1.0,0.33026222537207656
30,Hypoxic,TGFB2,0.4091638086145126,0.16311395392886804
31,NPC-neuronal-like,TGFB2,0.15736036758037764,0.1052016943113891
32,OPC-NPC-like,TGFB2,0.0,0.05605185252807157
33,OPC-like,TGFB2,0.22430814784894162,0.11685668025986067
34,OPC-neuronal-like,TGFB2,0.07092257583423374,0.06828349423122204
35,Proliferative,TGFB2,0.3022245813990207,0.15585698886094143
36,AC-gliosis-like,EPCAM,0.0,0.011203616377768382
37,AC-progenitor-like,EPCAM,0.16298117070317214,0.01429837714247844
38,Gliosis-like,EPCAM,0.5506840275263017,0.02578640353268277
39,Hypoxic,EPCAM,0.37539052493466035,0.016901490536622325
40,NPC-neuronal-like,EPCAM,0.41553571085375557,0.021683622976129212
41,OPC-NPC-like,EPCAM,1.0,0.028873615983515694
42,OPC-like,EPCAM,0.27121353674824067,0.016117004481051266
43,OPC-neuronal-like,EPCAM,0.32962813560452814,0.018130445020014128
44,Proliferative,EPCAM,0.24843235705447858,0.018213259072942866
45,AC-gliosis-like,REL,0.07703951376901279,0.1113044326644769
46,AC-progenitor-like,REL,0.09644998986208254,0.11186036300978354
47,Gliosis-like,REL,0.43783948956844576,0.17074633375129478
48,Hypoxic,REL,1.0,0.1697288476388909
49,NPC-neuronal-like,REL,0.35681013411820467,0.14577807687739994
50,OPC-NPC-like,REL,0.0,0.0898942344057695
51,OPC-like,REL,0.2095944659671172,0.10991676128156723
52,OPC-neuronal-like,REL,0.004459474561143034,0.09612667765481517
53,Proliferative,REL,0.5300171178769485,0.16654689184333454
54,AC-gliosis-like,IL1R1,0.5756911010974011,0.0772057627890338
55,AC-progenitor-like,IL1R1,0.09675999889900176,0.019625061095325275
56,Gliosis-like,IL1R1,1.0,0.15771684021152482
57,Hypoxic,IL1R1,0.2628985229202086,0.03756210569259685
58,NPC-neuronal-like,IL1R1,0.027487814976562653,0.00866949051898183
59,OPC-NPC-like,IL1R1,0.0002477562903554563,0.0036646278642131483
60,OPC-like,IL1R1,0.053896011119431285,0.012092792024131839
61,OPC-neuronal-like,IL1R1,0.0,0.004179420767600659
62,Proliferative,IL1R1,0.10718074555924073,0.0212899748472871
63,AC-gliosis-like,ZEB2,0.0,0.508666948518651
64,AC-progenitor-like,ZEB2,0.2215385605855688,0.6227084075451691
65,Gliosis-like,ZEB2,0.13234382359213281,0.5951043994984463
66,Hypoxic,ZEB2,0.12406489043435398,0.5184240817099646
67,NPC-neuronal-like,ZEB2,0.7610398289629658,0.7751870472269506
68,OPC-NPC-like,ZEB2,1.0,0.7993453227089555
69,OPC-like,ZEB2,0.8353087783546046,0.7819132140625735
70,OPC-neuronal-like,ZEB2,0.37948115721424497,0.6229691546974335
71,Proliferative,ZEB2,0.5435284247028351,0.7358740567732662
72,AC-gliosis-like,COL3A1,0.15414607471486935,0.007105922143809555
73,AC-progenitor-like,COL3A1,0.06097910544626594,0.0036284410129812034
74,Gliosis-like,COL3A1,1.0,0.039633647713024044
75,Hypoxic,COL3A1,0.09081189771261362,0.003933967624903472
76,NPC-neuronal-like,COL3A1,0.012876121508377962,0.001425121729147698
77,OPC-NPC-like,COL3A1,0.0007934100383143576,0.000639027634684855
78,OPC-like,COL3A1,0.058441679854020843,0.0024319948404087363
79,OPC-neuronal-like,COL3A1,0.0,0.0007063809748057452
80,Proliferative,COL3A1,0.0386877236135135,0.002290693496227093
81,AC-gliosis-like,TWIST2,1.0,0.03063514260626362
82,AC-progenitor-like,TWIST2,0.01307544250974323,0.0018804934017048703
83,Gliosis-like,TWIST2,0.543945766087947,0.017336313580112304
84,Hypoxic,TWIST2,0.3668039586349873,0.01047601008261332
85,NPC-neuronal-like,TWIST2,0.0,0.001623055302640434
86,OPC-NPC-like,TWIST2,0.043825127881747986,0.002256158791846529
87,OPC-like,TWIST2,0.015296910688581657,0.0019415649416522785
88,OPC-neuronal-like,TWIST2,0.0392559831700336,0.002295738168118672
89,Proliferative,TWIST2,0.10841580127276268,0.0044915558749550845
90,AC-gliosis-like,CTNNB1,0.8601894143753449,0.4668607109174282
91,AC-progenitor-like,CTNNB1,0.4110365631695172,0.421992660276855
92,Gliosis-like,CTNNB1,0.8835565282477837,0.5101128495883989
93,Hypoxic,CTNNB1,1.0,0.4421925312896129
94,NPC-neuronal-like,CTNNB1,0.959031894857883,0.5008808044020426
95,OPC-NPC-like,CTNNB1,0.0,0.3324508665997209
96,OPC-like,CTNNB1,0.47818314436487186,0.3935867892965354
97,OPC-neuronal-like,CTNNB1,0.7324784390660224,0.4265952437014363
98,Proliferative,CTNNB1,0.9840435375885092,0.5178314768235717
99,AC-gliosis-like,SOX2,0.4774601725996056,0.4747146248658493
100,AC-progenitor-like,SOX2,0.8730166794939027,0.6347617903622642
101,Gliosis-like,SOX2,0.19262784349875722,0.4031510658016682
102,Hypoxic,SOX2,0.5295547017978985,0.45473751693791614
103,NPC-neuronal-like,SOX2,0.0,0.2375697715846562
104,OPC-NPC-like,SOX2,0.9296512953384164,0.5966692314714589
105,OPC-like,SOX2,0.7197762036876076,0.5400976828866838
106,OPC-neuronal-like,SOX2,0.25866600442506926,0.37444078172827877
107,Proliferative,SOX2,1.0,0.6726778656126482
108,AC-gliosis-like,NFKB1,1.0,0.44347783667761553
109,AC-progenitor-like,NFKB1,0.8222067709809288,0.4172210118214277
110,Gliosis-like,NFKB1,0.9798160893141086,0.4579948754293191
111,Hypoxic,NFKB1,0.6273149145032156,0.33236198330249295
112,NPC-neuronal-like,NFKB1,0.4787276689434731,0.37899330984521595
113,OPC-NPC-like,NFKB1,0.0,0.2427131287575477
114,OPC-like,NFKB1,0.26338250496873483,0.29141613312820375
115,OPC-neuronal-like,NFKB1,0.21664765507741932,0.2870261360960678
116,Proliferative,NFKB1,0.5413648071586802,0.380996227093065
117,AC-gliosis-like,SMAD1,0.9230193286667299,0.4238999642264789
118,AC-progenitor-like,SMAD1,1.0,0.4460000165682238
119,Gliosis-like,SMAD1,0.7936136861135089,0.42452161587526577
120,Hypoxic,SMAD1,0.2985459359552294,0.265557384931447
121,NPC-neuronal-like,SMAD1,0.0,0.22746526265785202
122,OPC-NPC-like,SMAD1,0.7095954155844342,0.36093324117424586
123,OPC-like,SMAD1,0.36511490630869997,0.2882518525485559
124,OPC-neuronal-like,SMAD1,0.2526686070993007,0.2664822227454674
125,Proliferative,SMAD1,0.7896805857226327,0.42741645706072584
126,AC-gliosis-like,FOXC1,0.3925370056972168,0.012032911639402908
127,AC-progenitor-like,FOXC1,0.4715538894082753,0.013238010819050143
128,Gliosis-like,FOXC1,1.0,0.0339093932290247
129,Hypoxic,FOXC1,0.7783674837441886,0.017061763291710986
130,NPC-neuronal-like,FOXC1,0.0,0.0009104944380665848
131,OPC-NPC-like,FOXC1,0.0015329207556865495,0.000639027634684855
132,OPC-like,FOXC1,0.09470080262406508,0.0031374077084830934
133,OPC-neuronal-like,FOXC1,0.007749801430726621,0.0010007063809748058
134,Proliferative,FOXC1,0.18290300040942659,0.006041142651814589
135,AC-gliosis-like,HSPA1B,0.09052092887671047,0.057205112361377604
136,AC-progenitor-like,HSPA1B,0.07092422851646436,0.05414495539005741
137,Gliosis-like,HSPA1B,0.15354536657024137,0.09267840593141798
138,Hypoxic,HSPA1B,1.0,0.22541634490696896
139,NPC-neuronal-like,HSPA1B,0.2028177398318099,0.10585487510391513
140,OPC-NPC-like,HSPA1B,0.015877423593563464,0.03008646435138695
141,OPC-like,HSPA1B,0.26191970890215666,0.09754180411020565
142,OPC-neuronal-like,HSPA1B,0.0,0.026312691311514008
143,Proliferative,HSPA1B,0.20224565293390168,0.09477182896155228
144,AC-gliosis-like,TWIST1,0.4188690025364966,0.03991999739828937
145,AC-progenitor-like,TWIST1,0.1635111329765851,0.023071251646467242
146,Gliosis-like,TWIST1,0.20626180785038634,0.02840320558251104
147,Hypoxic,TWIST1,0.3405799621504766,0.030335261463144553
148,NPC-neuronal-like,TWIST1,0.0,0.012578678595463362
149,OPC-NPC-like,TWIST1,0.14558644314445265,0.020761877437107945
150,OPC-like,TWIST1,0.2640502069308815,0.029983406002055776
151,OPC-neuronal-like,TWIST1,1.0,0.08176359783376501
152,Proliferative,TWIST1,0.26220183772401334,0.034270571325907294
153,AC-gliosis-like,COL1A2,0.10201618370606014,0.044115255780675794
154,AC-progenitor-like,COL1A2,0.053708302620524194,0.03123938598162584
155,Gliosis-like,COL1A2,0.2562659958562163,0.09971106144033146
156,Hypoxic,COL1A2,0.0676296719710136,0.028717963661795347
157,NPC-neuronal-like,COL1A2,0.20791431843426517,0.0787577688927596
158,OPC-NPC-like,COL1A2,0.0,0.007994366123710534
159,OPC-like,COL1A2,0.10118973612483759,0.03358437073813059
160,OPC-neuronal-like,COL1A2,0.054427768488066894,0.025959500824111137
161,Proliferative,COL1A2,1.0,0.19989669421487602
162,AC-gliosis-like,SNAI2,1.0,0.01905753032618947
163,AC-progenitor-like,SNAI2,0.6355527845388967,0.013652216414139322
164,Gliosis-like,SNAI2,0.3661481720807637,0.009376874011884643
165,Hypoxic,SNAI2,0.40339690730947925,0.00788250550026955
166,NPC-neuronal-like,SNAI2,0.40453407070934577,0.010718103004631645
167,OPC-NPC-like,SNAI2,0.16095961190354108,0.0038080830475097486
168,OPC-like,SNAI2,0.19615763138614364,0.005213337005959059
169,OPC-neuronal-like,SNAI2,0.0,0.0020014127619496116
170,Proliferative,SNAI2,0.726487178318971,0.017584441250449157
171,AC-gliosis-like,JAK2,0.32054769981118497,0.2795700673192624
172,AC-progenitor-like,JAK2,0.33894353427106005,0.28640660078036334
173,Gliosis-like,JAK2,1.0,0.4120918061385815
174,Hypoxic,JAK2,0.36622204040648154,0.2617108388093191
175,NPC-neuronal-like,JAK2,0.01694671696809399,0.23466014805431298
176,OPC-NPC-like,JAK2,0.0788291110334627,0.20914461586614327
177,OPC-like,JAK2,0.24750165078896028,0.25002519331671696
178,OPC-neuronal-like,JAK2,0.0,0.21038380032964446
179,Proliferative,JAK2,0.29593489193587663,0.2946909809558031
180,AC-gliosis-like,VIM,0.9642848009371002,0.633776708185632
181,AC-progenitor-like,VIM,0.7307162489787814,0.5705019343401291
182,Gliosis-like,VIM,0.8039081249399043,0.6601973504879245
183,Hypoxic,VIM,1.0,0.6437719464397593
184,NPC-neuronal-like,VIM,0.0,0.09109892720003167
185,OPC-NPC-like,VIM,0.026525460996925185,0.11326438790281564
186,OPC-like,VIM,0.324287052430835,0.29734160122002834
187,OPC-neuronal-like,VIM,0.13247551079853503,0.20131857781963738
188,Proliferative,VIM,0.46052439122865924,0.4260689902982393
189,AC-gliosis-like,ZEB1,0.8578460659094191,0.7709681615662298
190,AC-progenitor-like,ZEB1,0.6551666131431824,0.7379404040989785
191,Gliosis-like,ZEB1,0.1287410559100445,0.5893801450144469
192,Hypoxic,ZEB1,0.1740708806665525,0.541415936939956
193,NPC-neuronal-like,ZEB1,0.0,0.5077194093662167
194,OPC-NPC-like,ZEB1,1.0,0.7527875950390589
195,OPC-like,ZEB1,0.834085960518891,0.7308681952851548
196,OPC-neuronal-like,ZEB1,0.8718078109130801,0.7203908641393925
197,Proliferative,ZEB1,0.8632557689543533,0.775399748472871
198,AC-gliosis-like,PARD3,1.0,0.6908354743243683
199,AC-progenitor-like,PARD3,0.9742927758246194,0.6939103493409989
200,Gliosis-like,PARD3,0.8514497713084795,0.6580166821130676
201,Hypoxic,PARD3,0.6299995705289603,0.5608235105561464
202,NPC-neuronal-like,PARD3,0.35678373535097596,0.5412394600372115
203,OPC-NPC-like,PARD3,0.4110387818892796,0.5074401074609737
204,OPC-like,PARD3,0.37099291962165276,0.4989150078267237
205,OPC-neuronal-like,PARD3,0.0,0.36561101954320696
206,Proliferative,PARD3,0.8199676454105487,0.6649299317283507
207,AC-gliosis-like,NFKB2,0.4850405817360928,0.016276952096003123
208,AC-progenitor-like,NFKB2,0.4435521167250055,0.015955199522835153
209,Gliosis-like,NFKB2,1.0,0.03609006160388159
210,Hypoxic,NFKB2,0.922972361864925,0.026066178077601154
211,NPC-neuronal-like,NFKB2,0.07040526743549443,0.004710819049127113
212,OPC-NPC-like,NFKB2,0.12192776238560321,0.005777331472763077
213,OPC-like,NFKB2,0.2878738307909191,0.010514010843203515
214,OPC-neuronal-like,NFKB2,0.0,0.0024134683305862964
215,Proliferative,NFKB2,0.721807187285809,0.026320517427236796
216,AC-gliosis-like,RELA,0.22965022324459447,0.05805066831441673
217,AC-progenitor-like,RELA,0.28277788821708294,0.06102076826853777
218,Gliosis-like,RELA,0.7925003201203146,0.11181377092078722
219,Hypoxic,RELA,1.0,0.09696501682863928
220,NPC-neuronal-like,RELA,0.6383585143000748,0.09251415225050473
221,OPC-NPC-like,RELA,0.0,0.03585075444385034
222,OPC-like,RELA,0.20714364599586144,0.0489086255198221
223,OPC-neuronal-like,RELA,0.12931188149852482,0.0462090887685425
224,Proliferative,RELA,0.4891397534913514,0.0809602946460654
225,AC-gliosis-like,FOS,0.8391437493061022,0.19420143744512017
226,AC-progenitor-like,FOS,0.9914499736219089,0.22888172773437823
227,Gliosis-like,FOS,0.9545882306356248,0.282560104672082
228,Hypoxic,FOS,1.0,0.22191948479594364
229,NPC-neuronal-like,FOS,0.0,0.053501444915086495
230,OPC-NPC-like,FOS,0.026453041622723574,0.05345661784843308
231,OPC-like,FOS,0.8460653928396354,0.1917379357604015
232,OPC-neuronal-like,FOS,0.07681021062019035,0.07364021662349894
233,Proliferative,FOS,0.6318958478553753,0.1754401724757456
234,AC-gliosis-like,TJP1,0.7921250558780166,0.599596734853166
235,AC-progenitor-like,TJP1,1.0,0.65406377109342
236,Gliosis-like,TJP1,0.7244798738019045,0.611077795344273
237,Hypoxic,TJP1,0.44048580495385276,0.4753398510920403
238,NPC-neuronal-like,TJP1,0.0,0.39729226871461937
239,OPC-NPC-like,TJP1,0.06323205338008728,0.3759308285188904
240,OPC-like,TJP1,0.4797399495575856,0.4921027349864628
241,OPC-neuronal-like,TJP1,0.35603583605769135,0.46079585589828115
242,Proliferative,TJP1,0.5685310365188868,0.5783102766798419
243,AC-gliosis-like,SMAD3,0.7436574920264111,0.1862824807310807
244,AC-progenitor-like,SMAD3,0.8019186799206547,0.19763405764085062
245,Gliosis-like,SMAD3,1.0,0.25999018699231313
246,Hypoxic,SMAD3,0.5459432800672078,0.12699430303206913
247,NPC-neuronal-like,SMAD3,0.0,0.02701793278175844
248,OPC-NPC-like,SMAD3,0.30356976739600366,0.08103913718227937
249,OPC-like,SMAD3,0.3654490175629466,0.10098153161929203
250,OPC-neuronal-like,SMAD3,0.036816513199987945,0.0350247233341182
251,Proliferative,SMAD3,0.5808096621384825,0.16266169601149838
252,AC-gliosis-like,CDH1,0.3225824580270605,0.018878662720738886
253,AC-progenitor-like,CDH1,1.0,0.03654121759876732
254,Gliosis-like,CDH1,0.4450533154796477,0.027585454941939706
255,Hypoxic,CDH1,0.2183665471498974,0.013331779173283988
256,NPC-neuronal-like,CDH1,0.16757429661052942,0.014449150864969717
257,OPC-NPC-like,CDH1,0.15923157599270862,0.010015780070162626
258,OPC-like,CDH1,0.2520310851965196,0.013933583698916351
259,OPC-neuronal-like,CDH1,0.07315311554725891,0.010183659053449494
260,Proliferative,CDH1,0.0,0.01015091627739849
261,AC-gliosis-like,FOXC2,0.0,0.00022764967966437932
262,AC-progenitor-like,FOXC2,0.049454076062415024,0.00017396634993745494
263,Gliosis-like,FOXC2,1.0,0.0009813007686856022
264,Hypoxic,FOXC2,0.438199960125267,0.00043710751387816355
265,NPC-neuronal-like,FOXC2,0.32062135542189707,0.0004354538616840188
266,OPC-NPC-like,FOXC2,0.04844816634835826,0.00015649656359629103
267,OPC-like,FOXC2,0.07080189552455166,0.00024185584048263677
268,OPC-neuronal-like,FOXC2,0.06794726474506892,0.0001765952437014363
269,Proliferative,FOXC2,0.18585300810637492,0.00024703557312252963
270,AC-gliosis-like,STAT3,0.6862401729432869,0.5585547497479593
271,AC-progenitor-like,STAT3,0.6062678642892427,0.5417229295933329
272,Gliosis-like,STAT3,1.0,0.6703374584310091
273,Hypoxic,STAT3,0.7984694906315827,0.5500852359652062
274,NPC-neuronal-like,STAT3,0.2501178324304431,0.4172043862079886
275,OPC-NPC-like,STAT3,0.0,0.27124766885327145
276,OPC-like,STAT3,0.47719276555094015,0.4502280834940107
277,OPC-neuronal-like,STAT3,0.29890853823201596,0.3951024252413468
278,Proliferative,STAT3,0.6605910669486909,0.5528656126482213
279,AC-gliosis-like,COL1A1,0.2863661318843171,0.010211714202087873
280,AC-progenitor-like,COL1A1,0.06936410182746058,0.0038024073629186585
281,Gliosis-like,COL1A1,1.0,0.03619909502262444
282,Hypoxic,COL1A1,0.2972096866957753,0.010111753821048184
283,NPC-neuronal-like,COL1A1,0.07834396428770349,0.004037844899251811
284,OPC-NPC-like,COL1A1,0.0,0.0008216069588805279
285,OPC-like,COL1A1,0.11104315511321616,0.003883129883304557
286,OPC-neuronal-like,COL1A1,0.013302587092120817,0.0016482222745467388
287,Proliferative,COL1A1,0.13397324929466098,0.005165289256198347
288,AC-gliosis-like,CDH2,1.0,0.8305310741812741
289,AC-progenitor-like,CDH2,0.46126987000031205,0.7318184454035606
290,Gliosis-like,CDH2,0.6072455782609228,0.719511530284032
291,Hypoxic,CDH2,0.27007562497088095,0.6195270496699838
292,NPC-neuronal-like,CDH2,0.0,0.5687225367166778
293,OPC-NPC-like,CDH2,0.2553618393235539,0.6489390837126201
294,OPC-like,CDH2,0.24219510453789508,0.6388084568925555
295,OPC-neuronal-like,CDH2,0.5194243383209352,0.7153873322345184
296,Proliferative,CDH2,0.5426864594241152,0.7774658641753504
297,AC-gliosis-like,SMAD2,1.0,0.47721877134215746
298,AC-progenitor-like,SMAD2,0.6301828512583769,0.44014314945366284
299,Gliosis-like,SMAD2,0.9901495906125161,0.5134928855694271
300,Hypoxic,SMAD2,0.7309641649363525,0.4114930135649032
301,NPC-neuronal-like,SMAD2,0.0,0.35263845453465814
302,OPC-NPC-like,SMAD2,0.8797547793444973,0.434851784712894
303,OPC-like,SMAD2,0.6174981056204671,0.40015048807852255
304,OPC-neuronal-like,SMAD2,0.711256536096996,0.4162938544855192
305,Proliferative,SMAD2,0.6027060688150375,0.45387172116421126
306,AC-gliosis-like,TGFB1,0.7537079437720204,0.14498032456340043
307,AC-progenitor-like,TGFB1,0.5378383312362487,0.12094803376604012
308,Gliosis-like,TGFB1,1.0,0.2005669737774628
309,Hypoxic,TGFB1,0.8587082706929694,0.13968499118499847
310,NPC-neuronal-like,TGFB1,0.07195239850949718,0.06060726020347571
311,OPC-NPC-like,TGFB1,0.05883676980468593,0.04860522437694806
312,OPC-like,TGFB1,0.22451198547148618,0.07027927631357954
313,OPC-neuronal-like,TGFB1,0.0,0.04450200141276195
314,Proliferative,TGFB1,0.4477055917208781,0.11657833273445922
315,AC-gliosis-like,RELB,0.3701056552151054,0.08993788415883443
316,AC-progenitor-like,RELB,0.2435770614427597,0.07123507824343692
317,Gliosis-like,RELB,1.0,0.21283323338603283
318,Hypoxic,RELB,0.5089894961910216,0.09635306630920985
319,NPC-neuronal-like,RELB,0.04678986520963833,0.04284272198250267
320,OPC-NPC-like,RELB,0.0,0.027882471080739185
321,OPC-like,RELB,0.13610069536503622,0.048310704136406694
322,OPC-neuronal-like,RELB,0.04624975177323509,0.03673181068989875
323,Proliferative,RELB,0.38540785058176297,0.0935591088753144
324,AC-gliosis-like,SNAI1,0.2336975497263422,0.004748121890142769
325,AC-progenitor-like,SNAI1,0.12002355867167544,0.003189383082186674
326,Gliosis-like,SNAI1,0.17594390318461745,0.00441585345908521
327,Hypoxic,SNAI1,1.0,0.010228315824749028
328,NPC-neuronal-like,SNAI1,0.11588298148087291,0.003246110605280868
329,OPC-NPC-like,SNAI1,0.0,0.0015519242556632194
330,OPC-like,SNAI1,0.21794707375592312,0.0035606554293277077
331,OPC-neuronal-like,SNAI1,0.4752244101202061,0.006946079585589828
332,Proliferative,SNAI1,0.17696738407007948,0.0038402802730865973
333,AC-gliosis-like,PARD6B,0.018186980023943044,0.05035936128004163
334,AC-progenitor-like,PARD6B,0.0,0.04830465649929999
335,Gliosis-like,PARD6B,1.0,0.12309872976067164
336,Hypoxic,PARD6B,0.7589887198637356,0.07710576544810806
337,NPC-neuronal-like,PARD6B,0.37885625652447896,0.0769862634099996
338,OPC-NPC-like,PARD6B,0.11353028226335446,0.04934858305403044
339,OPC-like,PARD6B,0.015511278652786134,0.042089634461769984
340,OPC-neuronal-like,PARD6B,0.3350583139070044,0.059748057452319286
341,Proliferative,PARD6B,0.07943981735129187,0.05760420409629896
