,line,sample_name,ID,predictions,dist_to_edge,distance_minmax
0,E25,E25 Day 14,GSO1,AC-gliosis-like,122.37121271653933,0.013451694460802128
1,E25,E25 Day 14,GSO1,AC-progenitor-like,155.09407834240147,0.10345875944311625
2,E25,E25 Day 14,GSO1,Gliosis-like,282.30562222961197,0.4533650857431984
3,E25,E25 Day 14,GSO1,Hypoxic,481.0395866039061,1.0
4,E25,E25 Day 14,GSO1,NPC-neuronal-like,207.42583981381068,0.2474017841540516
5,E25,E25 Day 14,GSO1,OPC-NPC-like,133.8958145611263,0.0451511060887746
6,E25,E25 Day 14,GSO1,OPC-like,185.59404455229722,0.1873515478070676
7,E25,E25 Day 14,GSO1,OPC-neuronal-like,117.48073005978928,0.0
8,E25,E25 Day 14,GSO1,Proliferative,123.40076133059557,0.016283556745337907
9,E25,E25 Day 7,GSO1,AC-gliosis-like,159.17602396198248,0.005830239729348747
10,E25,E25 Day 7,GSO1,AC-progenitor-like,179.77425355376306,0.06505728941378025
11,E25,E25 Day 7,GSO1,Gliosis-like,342.1132641576903,0.5318382136635479
12,E25,E25 Day 7,GSO1,Hypoxic,504.9325167194335,1.0
13,E25,E25 Day 7,GSO1,NPC-neuronal-like,221.34942815872017,0.184600326886733
14,E25,E25 Day 7,GSO1,OPC-NPC-like,178.34167091971156,0.06093811778954129
15,E25,E25 Day 7,GSO1,OPC-like,211.08839747353554,0.1550963070632326
16,E25,E25 Day 7,GSO1,OPC-neuronal-like,171.32291571624654,0.040756763789857556
17,E25,E25 Day 7,GSO1,Proliferative,157.148358948106,0.0
18,E25,E25 Day 7,GSO2,AC-gliosis-like,132.92387483695785,0.0
19,E25,E25 Day 7,GSO2,AC-progenitor-like,146.48286710360549,0.04662313397883062
20,E25,E25 Day 7,GSO2,Gliosis-like,311.4880964004033,0.6140001750909226
21,E25,E25 Day 7,GSO2,Hypoxic,423.7449996631898,1.0
22,E25,E25 Day 7,GSO2,NPC-neuronal-like,149.36023015009968,0.05651706121060735
23,E25,E25 Day 7,GSO2,OPC-NPC-like,134.2956276168501,0.004716826470951502
24,E25,E25 Day 7,GSO2,OPC-like,185.17657807833237,0.17967299752587074
25,E25,E25 Day 7,GSO2,OPC-neuronal-like,147.58313980251359,0.05040646539798224
26,E25,E25 Day 7,GSO2,Proliferative,135.24221245143437,0.007971696058399284
27,E30,E30 Day 14,GSO1,AC-gliosis-like,220.5719571925496,0.20150722977664337
28,E30,E30 Day 14,GSO1,AC-progenitor-like,186.53397732680054,0.060061258538546894
29,E30,E30 Day 14,GSO1,Gliosis-like,256.1547180149833,0.3493725902860827
30,E30,E30 Day 14,GSO1,Hypoxic,412.72363601313737,1.0
31,E30,E30 Day 14,GSO1,NPC-neuronal-like,214.2215765548266,0.175118009247778
32,E30,E30 Day 14,GSO1,OPC-NPC-like,215.77643126294572,0.1815792603323448
33,E30,E30 Day 14,GSO1,OPC-like,237.998319175949,0.27392306366603586
34,E30,E30 Day 14,GSO1,OPC-neuronal-like,172.08065715831498,0.0
35,E30,E30 Day 14,GSO1,Proliferative,190.50329264211294,0.0765558819603549
36,E30,E30 Day 14,GSO2,AC-gliosis-like,125.16156422110406,0.11293375671188366
37,E30,E30 Day 14,GSO2,AC-progenitor-like,113.80734619476524,0.07665166581530292
38,E30,E30 Day 14,GSO2,Gliosis-like,241.63335707671277,0.48511616200585245
39,E30,E30 Day 14,GSO2,Hypoxic,402.76253156358354,1.0
40,E30,E30 Day 14,GSO2,NPC-neuronal-like,152.4019141335686,0.19997954439061422
41,E30,E30 Day 14,GSO2,OPC-NPC-like,125.74144577220197,0.11478675223278866
42,E30,E30 Day 14,GSO2,OPC-like,107.31021026410208,0.05589024694374959
43,E30,E30 Day 14,GSO2,Proliferative,89.81976156989373,0.0
44,E30,E30 Day 14,GSO3,AC-gliosis-like,53.72525828966995,0.16245597441123738
45,E30,E30 Day 14,GSO3,AC-progenitor-like,52.54822932983143,0.15386410024082978
46,E30,E30 Day 14,GSO3,Gliosis-like,40.3205122740559,0.06460630802050625
47,E30,E30 Day 14,GSO3,Hypoxic,168.4631552496928,1.0
48,E30,E30 Day 14,GSO3,NPC-neuronal-like,61.98272885734002,0.22273244211429105
49,E30,E30 Day 14,GSO3,OPC-NPC-like,55.78821526470279,0.17751479399276965
50,E30,E30 Day 14,GSO3,OPC-like,44.95873621174955,0.09846361978308477
51,E30,E30 Day 14,GSO3,Proliferative,31.469882711731195,0.0
52,E30,E30 Day 28,GSO3,AC-gliosis-like,233.2451860691746,0.0012115226123714986
53,E30,E30 Day 28,GSO3,AC-progenitor-like,247.5994277613846,0.08276523229523931
54,E30,E30 Day 28,GSO3,Gliosis-like,332.2856335181244,0.5639104147800021
55,E30,E30 Day 28,GSO3,Hypoxic,409.04161837822767,1.0
56,E30,E30 Day 28,GSO3,NPC-neuronal-like,244.48316804580384,0.0650601841575302
57,E30,E30 Day 28,GSO3,OPC-NPC-like,252.95441668092622,0.11318963374141797
58,E30,E30 Day 28,GSO3,OPC-like,276.5858058348046,0.24745151199195417
59,E30,E30 Day 28,GSO3,OPC-neuronal-like,233.0319463715424,0.0
60,E30,E30 Day 28,GSO3,Proliferative,255.03564058590314,0.1250141197554472
61,E30,E30 Day 7,GSO1,AC-gliosis-like,62.87726718341562,0.010625641220434245
62,E30,E30 Day 7,GSO1,AC-progenitor-like,65.37842773225422,0.016288602010356163
63,E30,E30 Day 7,GSO1,Gliosis-like,184.12199101486277,0.28513985317744606
64,E30,E30 Day 7,GSO1,Hypoxic,499.8543549668649,1.0
65,E30,E30 Day 7,GSO1,NPC-neuronal-like,76.53684609594215,0.04155274816860702
66,E30,E30 Day 7,GSO1,OPC-NPC-like,73.79726445165734,0.035349970246342656
67,E30,E30 Day 7,GSO1,OPC-like,79.72580116240108,0.04877296740266031
68,E30,E30 Day 7,GSO1,Proliferative,58.18423899329286,0.0
69,E30,E30 Day 7,GSO2,AC-gliosis-like,62.236575771922666,0.534864492193499
70,E30,E30 Day 7,GSO2,AC-progenitor-like,65.01924383911305,0.5924098853337012
71,E30,E30 Day 7,GSO2,Gliosis-like,84.72869293125957,1.0
72,E30,E30 Day 7,GSO2,Hypoxic,36.37264016417271,0.0
73,E30,E30 Day 7,GSO2,NPC-neuronal-like,70.3801899861633,0.7032739000801477
74,E30,E30 Day 7,GSO2,OPC-NPC-like,65.09392220675014,0.5939542290789773
75,E30,E30 Day 7,GSO2,OPC-like,58.79475145322726,0.46368779100009533
76,E30,E30 Day 7,GSO2,OPC-neuronal-like,50.74092505065839,0.297135189170472
77,E30,E30 Day 7,GSO2,Proliferative,49.16013479103627,0.2644445502708042
