,Patient_Clone,state,n_cells,median_pseudotime,mean_pseudotime,q25_pseudotime,q75_pseudotime,diversity
0,at10_0,AC-gliosis-hypoxia,254,0.6830236897115157,0.6620288575141,0.5934045635600512,0.7808790771500738,0.7775140552204765
1,at10_0,dev-like,2477,0.3169659682753672,0.3385531976407854,0.1354085126728477,0.5002720059179359,0.7775140552204765
2,at10_1,AC-gliosis-hypoxia,3854,0.45514746640908776,0.4491525690262353,0.32953329029354306,0.5368052399096614,0.9687343506516104
3,at10_1,dev-like,2665,0.158308936473864,0.1488571270807282,0.075193090368657,0.1894145781798815,0.9687343506516104
4,at10_2,AC-gliosis-hypoxia,1294,0.7503971278527084,0.7055078539899634,0.629403359101638,0.8592912470758742,0.9016484910738507
5,at10_2,dev-like,4146,0.24467797803482785,0.26042201107192553,0.12771962334620673,0.3505927122129591,0.9016484910738507
6,at13_0,AC-gliosis-hypoxia,6545,0.2614008903814239,0.30303890275451284,0.174158337381044,0.4003643948162428,0.3411401174285948
7,at13_0,dev-like,337,0.3442529511188145,0.3605181251687521,0.2375132530843011,0.4695818328263758,0.3411401174285948
8,at15_0,AC-gliosis-hypoxia,421,0.6092039447727041,0.6023916968235741,0.5384031151004142,0.7305180791245107,1.0108515110712466
9,at15_0,dev-like,2458,0.19648154790712163,0.23776852263260428,0.10056668591991595,0.33338282696033905,1.0108515110712466
10,at15_2,AC-gliosis-hypoxia,426,0.8108369347634757,0.7693960341487011,0.7319892599592079,0.8762312397019596,1.07885256964447
11,at15_2,dev-like,2683,0.2834762675491234,0.33335780844912233,0.17062603213116834,0.4677074786722719,1.07885256964447
12,at15_3,AC-gliosis-hypoxia,842,0.5586229005997033,0.5957382036285434,0.5272686652870273,0.7139651659477861,1.2676555178058873
13,at15_3,dev-like,1849,0.2233955403212724,0.25628909890206086,0.0786711172650375,0.378884283688269,1.2676555178058873
14,at15_4,AC-gliosis-hypoxia,1740,0.6531186110417866,0.5953048650731919,0.520558906030538,0.6838533335930171,0.8549757309550091
15,at15_4,dev-like,23406,0.2458082093003347,0.27452181190941927,0.17591121621260492,0.3332780267169366,0.8549757309550091
16,at15_6,AC-gliosis-hypoxia,1206,0.6989450312567114,0.6417160519506979,0.5185934014623128,0.7675717378089637,0.9198024847106538
17,at15_6,dev-like,13695,0.2292196489712172,0.274173748769432,0.15505269066036054,0.34151720176910916,0.9198024847106538
18,at3_3,AC-gliosis-hypoxia,6497,0.2821940089324905,0.30702437885684636,0.2275334310065853,0.3596319053115681,0.557299881719433
19,at3_3,dev-like,580,0.2845113410668399,0.2925852721377713,0.24711318153275832,0.315812018188803,0.557299881719433
20,at4_0,AC-gliosis-hypoxia,7655,0.4713844277451824,0.48224635663839854,0.3808882978407363,0.560830202206662,1.083916825494542
21,at4_0,dev-like,6947,0.2088616665569354,0.22724160726028492,0.16053824726731641,0.2635542889300624,1.083916825494542
22,at4_1,AC-gliosis-hypoxia,2192,0.590071013997984,0.5653968435915983,0.3983296711441756,0.6979905362025298,1.1683627373869938
23,at4_1,dev-like,3612,0.20277662803665644,0.22528084998698425,0.1126948196026441,0.32084924858387776,1.1683627373869938
24,at4_2,AC-gliosis-hypoxia,2208,0.4650620024298012,0.5094621055835032,0.395620998058834,0.6138784901436084,1.1462412605708818
25,at4_2,dev-like,2462,0.2404337208803379,0.2715195084333465,0.13788587624355295,0.30221171454347756,1.1462412605708818
26,at5_2,AC-gliosis-hypoxia,313,0.3087114589496799,0.44026570843983254,0.2782265870806977,0.6586126286703041,0.9243039436878446
27,at5_2,dev-like,2421,0.3716833206405143,0.3826922566506885,0.1815706387602066,0.5600848751329826,0.9243039436878446
28,at5_4,AC-gliosis-hypoxia,120,0.6868725276081367,0.6741999808859501,0.584341734161043,0.7691927332931271,0.5069009619044231
29,at5_4,dev-like,2041,0.4464433776243882,0.43275354447635406,0.3141418749397777,0.5270131536533119,0.5069009619044231
30,at5_9,AC-gliosis-hypoxia,173,0.5119630242835657,0.5831990360989762,0.4474980880261687,0.7121487893436639,0.5918624604779237
31,at5_9,dev-like,2043,0.4042166125620988,0.41710375836782076,0.29849493759007084,0.5547730292016817,0.5918624604779237
32,at6_0,AC-gliosis-hypoxia,549,0.6645325027916698,0.6677858553090319,0.6142724842389505,0.7163121338432019,0.539448887939231
33,at6_0,dev-like,2927,0.2128758480914065,0.23600979869397726,0.129502452757638,0.3302823577011351,0.539448887939231
34,at6_4,AC-gliosis-hypoxia,4000,0.409776570024041,0.4074682943484456,0.2893470720250167,0.5412173189672898,0.3120864414720961
35,at6_4,dev-like,132,0.44269324675947824,0.4803279614197367,0.37062130916494374,0.5996185018960343,0.3120864414720961
36,at6_5,AC-gliosis-hypoxia,20082,0.24161790441043884,0.2620392063645107,0.19298749871883514,0.31654628911445704,0.6115208935658618
37,at6_5,dev-like,1800,0.263583235428479,0.3031197039813924,0.21914568714272875,0.3655404769125189,0.6115208935658618
38,at7_0,AC-gliosis-hypoxia,5253,0.3035908394617013,0.3473825083915791,0.1438628994178043,0.5323373472055352,0.715429673205767
39,at7_0,dev-like,642,0.06135520123616735,0.16262288246703133,0.05064139108474247,0.11743143287321953,0.715429673205767
40,at9_0,AC-gliosis-hypoxia,3085,0.2882359263798478,0.3142845292830588,0.2479197701318407,0.3236402779426916,0.825188048461003
41,at9_0,dev-like,9338,0.19453456282928894,0.2591018823941415,0.1392413190494562,0.4333089364075955,0.825188048461003
42,at9_2,AC-gliosis-hypoxia,1279,0.7831797874039407,0.6739865529990706,0.6782949466283905,0.827227284424957,0.7694126857382728
43,at9_2,dev-like,10038,0.21296338992324865,0.27314804750321664,0.148106393062733,0.40476458131491544,0.7694126857382728
44,at9_4,AC-gliosis-hypoxia,2387,0.2102439991237948,0.26304233320198217,0.18024288365659774,0.2409744232575906,0.8385089009848583
45,at9_4,dev-like,9542,0.28952091408002717,0.2811632238827214,0.12810172553310856,0.398901838181892,0.8385089009848583
