batch	factor	cluster	top_n_per_patient	top_n_per_factor	environment
sp_batchAT10	AT10_0	1	Ion-channel Astrocytes, AClike.2, A1-state Astrocytes, Oligo.-associated Astrocytes, Macrophage (microglia), L5 ET, Pro-inflammatory TAMs, Inflammatory Astrocytes, Undefined_4, AClike_MES1like.3	AClike.2, NPC1like_OPClike.1, Interferon TAMs, Oligodendrocytes 2, Neural-support Astrocytes, Pro-inflammatory TAMs, Ion-channel Astrocytes, Macrophage (microglia), Oligodendrocytes 1, Oligo.-associated Astrocytes	Dev-like (AC)
sp_batchAT10	AT10_1	15	MES2like.1, Stress-response TAMs, MES1like_MES2like.1, Naïve T cells, T reg, NK T cells, Mixed CD4/CD8 T cells, Endothelial (capillary), B cells, CD8 T cells	MES1like_MES2like.1, MES2like.1, Stress-response TAMs, Naïve T cells, Endothelial (capillary), AClike_MES1like.4, NK T cells, T reg, Mixed CD4/CD8 T cells, CD8+ T cytotoxic cells 	Gliosis
sp_batchAT10	AT10_10	3	Undefined_6, Ambiguous (oligo.), Oligodendrocytes 1, CD8+ T cytotoxic cells , Naïve T cells, Undefined_1, AClike_MES1like.4, AClike.1, B cells, Resident-Microglia TAMs	Oligodendrocytes 1, AClike_MES1like.4, Resident-Microglia TAMs, Undefined_6, AClike.2, Ambiguous (oligo.), Naïve T cells, Oligodendrocytes 2, NPC1like.1, AClike_MES1like.2	White matter
sp_batchAT10	AT10_11	14	Monocyte, Proliferatve TAMs, RTN1+ TAMs, Lymphoid DC, NPC2like_OPClike.1, Pro-inflammatory TAMs, Interferon TAMs, Anti-inflammatory TAMs, NPC2like.5, Resident BAM TAMs	Monocyte, Proliferatve TAMs, Interferon TAMs, Resident BAM TAMs, AClike_MES1like.2, AClike_MES1like.1, Resident-Microglia TAMs, OPClike.4, RTN1+ TAMs, AClike.1	Immune (TAMs)
sp_batchAT10	AT10_12	12	Resident-Microglia TAMs, Phagocytotic astrocytes, Anti-inflammatory TAMs, AClike.1, CD8+ T cytotoxic cells , Mixed CD4/CD8 T cells, NK T cells, T proliferatve cells, NK cells, B cells	Resident-Microglia TAMs, AClike.1, Naïve T cells, Anti-inflammatory TAMs, AClike.2, AClike_MES1like.2, CD8+ T cytotoxic cells , Phagocytotic astrocytes, Proliferatve TAMs, T proliferatve cells	Immune (resident)
sp_batchAT10	AT10_13	5	Angiogenic TAMs, Stress-response TAMs, NK T cells, Naïve T cells, T reg, Endothelial (venule), Ambiguous (vascular), MES1like_MES2like.1, Endothelial (capillary), T proliferatve cells	Angiogenic TAMs, MES1like_MES2like.1, Stress-response TAMs, Naïve T cells, Ambiguous (oligo.), Endothelial (capillary), T proliferatve cells, NK T cells, Endothelial (venule), Ambiguous (vascular)	Hypoxic 1
sp_batchAT10	AT10_14	0	Endothelial (Other), Pericytes, VLMC, Endothelial (arteriole), Ambiguous (vascular), Endothelial (CNA-associated), Resident BAM TAMs, Endothelial (capillary), Endothelial (venule), NK cells	Pericytes, Endothelial (Other), VLMC, Resident BAM TAMs, Endothelial (capillary), Ambiguous (vascular), T proliferatve cells, Endothelial (arteriole), Anti-inflammatory TAMs, CD8+ T cytotoxic cells 	Vasculature
sp_batchAT10	AT10_15	10	Exc L4-5 IT, Exc L2-3 IT, Inh VIP, Exc L5-6 NP, Inh SST, Neural-support Astrocytes, Exc L6 IT, Exc L4 IT, Exc L6 Car3, Inh RELN	Exc L4-5 IT, Exc L2-3 IT, Neural-support Astrocytes, Undefined_1, Exc L6 Car3, Endothelial (capillary), Inh VIP, Exc L5-6 NP, OPCs, Oligo.-associated Astrocytes	Grey matter
sp_batchAT10	AT10_2	6	NPC1like_OPClike.1, AClike.3, NPC1like_OPClike.2, Undefined_7, OPClike.2, NPC1like.1, NPC2like.4, NPC1like_OPClike.3, Inh SST (Chodl), NPC2like.2	NPC1like_OPClike.1, AClike.2, AClike.3, NPC1like_OPClike.2, OPClike.2, NPC1like.1, AClike_MES1like.4, MES2like.1, NPC2like.2, NPC1like_OPClike.3	Dev-like (OPC)
sp_batchAT10	AT10_3	18	AClike_MES1like.4, T proliferatve cells, Endothelial (venule), Naïve T cells, NK T cells, Endothelial (capillary), Mixed CD4/CD8 T cells, CD8+ T cytotoxic cells , NPC2like.4, Undefined_6	AClike_MES1like.4, Naïve T cells, T proliferatve cells, NPC1like_OPClike.2, Undefined_6, Endothelial (capillary), NPC1like.1, Endothelial (venule), MES2like.1, CD8+ T cytotoxic cells 	Gliosis (diffuse)
sp_batchAT10	AT10_4	3	Oligodendrocytes 2, Ambiguous (lymphocyte 2), Oligodendrocytes 1, Undefined_4, Ambiguous (oligo.), OPC (differentiating), Oligo.-associated Astrocytes, Undefined_2, Undefined_1, Interferon TAMs	Oligodendrocytes 1, Oligodendrocytes 2, Ambiguous (oligo.), Undefined_1, Interferon TAMs, Oligo.-associated Astrocytes, Neural-support Astrocytes, Ambiguous (lymphocyte 2), NPC1like_OPClike.1, Pro-inflammatory TAMs	White matter
sp_batchAT10	AT10_5	6	OPClike.3, OPClike.4, OPClike.2, NPC1like_OPClike.1, OPClike.1, NPC1like_OPClike.2, AClike_MES2like.1, AClike_MES1like.3, NPC1like_OPClike.3, OPClike.5	AClike.2, OPClike.3, NPC1like_OPClike.1, NPC1like_OPClike.2, OPClike.2, OPClike.4, NPC1like.1, OPClike.1, AClike.3, AClike_MES1like.4	Dev-like (OPC)
sp_batchAT10	AT10_6	4	NPC2like.3, Undefined_9, Plasma cells, ECM Astrocytes, Pericyte (CNA-associated), AClike.3, MES1like_NPC2like.1, AClike.4, L5 ET, OPC (differentiating)	NPC2like.3, AClike.3, Proliferatve TAMs, MES1like_NPC2like.1, NPC1like.1, AClike_MES1like.2, NPC2like.2, NPC2like.5, Pericytes, OPClike.4	Proliferative
sp_batchAT10	AT10_7	15	MES1like_MES2like.1, MES2like.2, MES2like.1, T reg, L5 ET, Angiogenic TAMs, NK T cells, Plasma cells, Inh Chandelier, CD8 T cells	MES1like_MES2like.1, MES2like.1, Angiogenic TAMs, MES2like.2, AClike_MES1like.1, Naïve T cells, AClike_MES1like.4, T reg, NK T cells, Mixed CD4/CD8 T cells	Gliosis
sp_batchAT10	AT10_8	11	AClike_MES1like.1, VLMC, AClike.4, Resident BAM TAMs, L5 ET, Endothelial (arteriole), Undefined_2, Undefined_10, Pericyte (CNA-associated), A1-state Astrocytes	AClike_MES1like.1, VLMC, Angiogenic TAMs, Resident BAM TAMs, MES1like_MES2like.1, Stress-response TAMs, Ambiguous (oligo.), AClike_MES1like.2, AClike.3, Monocyte	Gliosis transition
sp_batchAT10	AT10_9	16	AClike_MES1like.2, AClike.4, Undefined_10, Undefined_2, Undefined_0, Undefined_5, IFN-response T cells, Pericyte (CNA-associated), ECM Astrocytes, Inflammatory Astrocytes	AClike_MES1like.2, VLMC, Monocyte, Proliferatve TAMs, Interferon TAMs, Angiogenic TAMs, AClike_MES1like.1, Ambiguous (oligo.), AClike.4, NPC2like.3	Gliosis transition
sp_batchAT11	AT11_0	11	AClike_MES1like.1, VLMC, MES1like_MES2like.1, Resident BAM TAMs, AClike_MES1like.2, T reg, Ambiguous (vascular), Pericyte (CNA-associated), Endothelial (Other), RTN1+ TAMs	AClike_MES1like.1, MES1like_MES2like.1, VLMC, Resident BAM TAMs, AClike_MES1like.2, Pericyte (CNA-associated), Pericytes, Endothelial (Other), Endothelial (capillary), RTN1+ TAMs	Gliosis transition
sp_batchAT11	AT11_1	1	OPClike.5, AClike_MES2like.1, Undefined_9, AClike.1, AClike_MES1like.2, MES1like_MES2like.1, AClike.2, MES1like_NPC2like.1, NPC1like_OPClike.3, Ambiguous (lymphocyte 1)	Oligo.-associated Astrocytes, AClike.2, AClike_MES1like.2, MES1like_MES2like.1, A1-state Astrocytes, OPClike.5, AClike_MES2like.1, AClike.1, AClike_MES1like.1, AClike.4	Dev-like (AC)
sp_batchAT11	AT11_10	14	Interferon TAMs, Pro-inflammatory TAMs, Macrophage (microglia), Monocyte, RTN1+ TAMs, Phagocytotic astrocytes, Anti-inflammatory TAMs, Proliferatve TAMs, Resident BAM TAMs, Lymphoid DC	Interferon TAMs, Pro-inflammatory TAMs, Resident BAM TAMs, Monocyte, Macrophage (microglia), RTN1+ TAMs, Anti-inflammatory TAMs, Phagocytotic astrocytes, Resident-Microglia TAMs, Lymphoid DC	Immune (TAMs)
sp_batchAT11	AT11_11	10	Undefined_4, Undefined_8, Undefined_5, Undefined_2, Undefined_3, Undefined_1, Inh LAMP5, Ambiguous (lymphocyte 2), Undefined_6, Exc L6b	Neural-support Astrocytes, Undefined_5, Undefined_8, Undefined_1, Undefined_4, Ion-channel Astrocytes, Inh VIP, ECM Astrocytes, Inh LAMP5, Inflammatory Astrocytes	Grey matter
sp_batchAT11	AT11_12	4	AClike.3, T proliferatve cells, NPC1like.1, NPC1like_OPClike.1, Proliferatve TAMs, Pericyte (CNA-associated), AClike_MES1like.3, OPClike.2, OPClike.3, T reg	AClike.3, NPC1like.1, T proliferatve cells, NPC1like_OPClike.1, Pericyte (CNA-associated), OPClike.4, NPC2like.5, Proliferatve TAMs, OPClike.2, OPClike.3	Proliferative
sp_batchAT11	AT11_13	2	Oligo.-associated Astrocytes, Neural-support Astrocytes, ECM Astrocytes, Inflammatory Astrocytes, Undefined_0, Ion-channel Astrocytes, A1-state Astrocytes, Endothelial (arteriole), OPClike.1, Angiogenic TAMs	Oligo.-associated Astrocytes, Neural-support Astrocytes, Endothelial (arteriole), A1-state Astrocytes, ECM Astrocytes, Inflammatory Astrocytes, Ion-channel Astrocytes, Undefined_0, Undefined_7, Angiogenic TAMs	Astrocyte rich
sp_batchAT11	AT11_14	8	NPC2like.5, NPC2like_OPClike.1, NPC2like.2, Inh VIP, Exc L6b, Ambiguous (neurons), NPC2like.3, NPC2like.1, Exc L6CT, Inh RELN	NPC2like.5, NPC2like_OPClike.1, NPC2like.2, Inh VIP, NPC2like.3, Ambiguous (neurons), Exc L6b, Exc L6CT, NPC2like.1, Inh RELN	Dev-like (Neuron)
sp_batchAT11	AT11_15	5	Angiogenic TAMs, MES2like.2, MES1like_MES2like.1, Exc L6CT, Inh VIP, Anti-inflammatory TAMs, Pro-inflammatory TAMs, Inh RELN, NPC2like.3, Inh PVALB	Angiogenic TAMs, MES2like.2, MES1like_MES2like.1, Exc L6CT, Undefined_7, Inh VIP, Anti-inflammatory TAMs, Pro-inflammatory TAMs, MES2like.1, Resident BAM TAMs	Hypoxic 1
sp_batchAT11	AT11_2	3	Oligodendrocytes 2, Ambiguous (oligo.), Oligodendrocytes 1, OPCs, Undefined_1, Undefined_4, Undefined_5, Ambiguous (lymphocyte 2), Undefined_0, Undefined_6	Oligodendrocytes 2, Ambiguous (oligo.), Oligodendrocytes 1, Undefined_1, Undefined_0, Undefined_5, OPCs, Undefined_4, Ambiguous (lymphocyte 2), Undefined_6	White matter
sp_batchAT11	AT11_3	6	NPC1like_OPClike.1, NPC1like_OPClike.2, NPC1like.1, AClike_MES1like.3, NPC2like.4, OPClike.3, OPClike.2, NPC1like_OPClike.3, MES2like.2, NPC2like.3	NPC1like_OPClike.1, AClike.3, NPC1like.1, OPClike.4, NPC1like_OPClike.2, OPClike.3, MES2like.2, AClike_MES1like.3, OPClike.2, NPC2like.4	Dev-like (OPC)
sp_batchAT11	AT11_4	7	A1-state Astrocytes, Neural-support Astrocytes, Inflammatory Astrocytes, AClike.2, Ion-channel Astrocytes, Oligo.-associated Astrocytes, ECM Astrocytes, AClike_MES1like.2, AClike.1, Inh LAMP5	A1-state Astrocytes, Neural-support Astrocytes, Oligo.-associated Astrocytes, AClike.2, Inflammatory Astrocytes, Ion-channel Astrocytes, ECM Astrocytes, AClike_MES1like.2, AClike.4, AClike.1	Pial layer
sp_batchAT11	AT11_5	0	Endothelial (arteriole), Pericyte (CNA-associated), Endothelial (capillary), Endothelial (Other), Endothelial (CNA-associated), Endothelial (venule), Ambiguous (vascular), Lymphoid DC, NK T cells, Resident-Microglia TAMs	Endothelial (arteriole), Pericyte (CNA-associated), Endothelial (capillary), Endothelial (Other), Resident-Microglia TAMs, Endothelial (CNA-associated), Undefined_7, Endothelial (venule), Resident BAM TAMs, Lymphoid DC	Vasculature
sp_batchAT11	AT11_6	2	Undefined_7, Undefined_0, Undefined_1, Undefined_5, Resident-Microglia TAMs, Undefined_3, Undefined_6, Endothelial (arteriole), Inh SST, Lymphoid DC	Undefined_7, Endothelial (arteriole), Undefined_0, Oligo.-associated Astrocytes, Resident-Microglia TAMs, Undefined_1, Undefined_5, A1-state Astrocytes, Ion-channel Astrocytes, Lymphoid DC	Astrocyte rich
sp_batchAT11	AT11_7	7	AClike.4, AClike.2, Neural-support Astrocytes, AClike.1, AClike_MES1like.2, Inh LAMP5, MES2like.2, MES1like_MES2like.1, OPClike.2, ECM Astrocytes	AClike.4, AClike.2, Neural-support Astrocytes, AClike_MES1like.2, AClike_MES1like.1, AClike.1, A1-state Astrocytes, MES1like_MES2like.1, MES2like.2, Pericytes	Pial layer
sp_batchAT11	AT11_8	0	Pericytes, Endothelial (Other), VLMC, Endothelial (capillary), Pericyte (CNA-associated), Endothelial (venule), Ambiguous (vascular), RTN1+ TAMs, Mixed CD4/CD8 T cells, Resident BAM TAMs	Pericytes, Endothelial (Other), Pericyte (CNA-associated), Endothelial (capillary), VLMC, Endothelial (arteriole), AClike_MES1like.1, Endothelial (venule), Ambiguous (vascular), Resident BAM TAMs	Vasculature
sp_batchAT11	AT11_9	6	OPClike.4, NPC1like_OPClike.1, NPC1like_OPClike.2, NPC1like.1, AClike_MES1like.3, OPClike.2, OPClike.3, NPC2like.4, AClike.3, NPC2like.5	OPClike.4, NPC1like_OPClike.1, AClike.3, NPC1like_OPClike.2, NPC1like.1, NPC2like.5, OPClike.3, OPClike.2, AClike_MES1like.3, NPC2like.4	Dev-like (OPC)
sp_batchAT12	AT12_0	17	MES2like.1, Mixed CD4/CD8 T cells, Pericyte (CNA-associated), Resident-Microglia TAMs, T reg, NPC2like.2, Naïve T cells, Endothelial (arteriole), Angiogenic TAMs, CD8 T cells	MES2like.1, Mixed CD4/CD8 T cells, Pericyte (CNA-associated), Endothelial (arteriole), Ambiguous (lymphocyte 1), Endothelial (Other), Angiogenic TAMs, Resident-Microglia TAMs, CD8+ T cytotoxic cells , T reg	Hypoxic 1
sp_batchAT12	AT12_1	11	AClike_MES1like.1, OPClike.1, AClike_MES2like.1, MES2like.2, MES1like_MES2like.1, AClike_MES1like.3, NPC2like.4, Undefined_9, NPC1like.1, NK T cells	AClike_MES1like.1, MES1like_MES2like.1, OPClike.1, AClike_MES2like.1, NPC2like.1, AClike.1, MES2like.2, NPC2like.4, AClike_MES1like.3, VLMC	Gliosis transition
sp_batchAT12	AT12_10	4	AClike.3, NPC2like_OPClike.1, OPClike.2, NPC2like.5, NPC1like_OPClike.3, NPC1like.1, NPC2like.3, AClike_MES2like.1, AClike.4, NPC2like.2	AClike.3, AClike.1, NPC2like_OPClike.1, OPClike.2, NPC1like.1, AClike_MES2like.1, AClike.4, NPC1like_OPClike.3, MES2like.2, NPC2like.5	Proliferative
sp_batchAT12	AT12_11	10	Inh PVALB, Inh SST, Inh Chandelier, Inh LAMP5, Inh SST (Chodl), Inh VIP, L5 ET, Inh PAX6, Exc L5-6 NP, Inh RELN	Inh PVALB, Inh SST, Exc L4-5 IT, Exc L2-3 IT, Exc L6 IT, Neural-support Astrocytes, Inh LAMP5, Oligodendrocytes 1, Inh Chandelier, OPCs	Grey matter
sp_batchAT12	AT12_12	1	AClike.2, NPC2like.1, NPC2like.4, A1-state Astrocytes, AClike_MES1like.3, Undefined_4, OPClike.1, Undefined_9, MES2like.2, Ambiguous (neurons)	AClike.2, NPC2like.1, AClike_MES1like.1, MES1like_MES2like.1, NPC2like.4, OPClike.1, A1-state Astrocytes, AClike_MES1like.3, CD8+ T cytotoxic cells , MES1like_NPC2like.1	Dev-like (AC)
sp_batchAT12	AT12_13	0	VLMC, Ambiguous (vascular), NPC2like.1, Proliferatve TAMs, Pericyte (CNA-associated), T proliferatve cells, MES1like_MES2like.1, Pericytes, Lymphoid DC, T reg	VLMC, MES1like_MES2like.1, NPC2like.1, AClike_MES1like.1, Proliferatve TAMs, Pericytes, Ambiguous (vascular), Pericyte (CNA-associated), CD8+ T cytotoxic cells , Resident BAM TAMs	Vasculature
sp_batchAT12	AT12_14	7	Neural-support Astrocytes, Inflammatory Astrocytes, Oligo.-associated Astrocytes, Ion-channel Astrocytes, OPCs, A1-state Astrocytes, Inh VIP, Inh RELN, Undefined_3, Inh LAMP5	Neural-support Astrocytes, Oligodendrocytes 1, OPCs, Exc L4-5 IT, Exc L2-3 IT, Oligo.-associated Astrocytes, Inflammatory Astrocytes, Ion-channel Astrocytes, Oligodendrocytes 2, A1-state Astrocytes	Pial layer
sp_batchAT12	AT12_15	14	Interferon TAMs, Monocyte, Pro-inflammatory TAMs, Resident BAM TAMs, RTN1+ TAMs, Proliferatve TAMs, Macrophage (microglia), Phagocytotic astrocytes, Anti-inflammatory TAMs, Lymphoid DC	Resident BAM TAMs, Proliferatve TAMs, Interferon TAMs, Monocyte, Pro-inflammatory TAMs, RTN1+ TAMs, Endothelial (capillary), Phagocytotic astrocytes, Macrophage (microglia), Endothelial (Other)	Immune (TAMs)
sp_batchAT12	AT12_2	0	Ambiguous (lymphocyte 1), MES1like_NPC2like.1, Mixed CD4/CD8 T cells, Endothelial (arteriole), OPClike.5, Endothelial (Other), Undefined_2, Undefined_6, CD8+ T cytotoxic cells , AClike_MES2like.1	Ambiguous (lymphocyte 1), Endothelial (Other), Mixed CD4/CD8 T cells, Endothelial (arteriole), MES1like_NPC2like.1, CD8+ T cytotoxic cells , OPClike.5, AClike_MES2like.1, Pericyte (CNA-associated), NPC1like.1	Vasculature
sp_batchAT12	AT12_3	15	MES1like_MES2like.1, T reg, Pericyte (CNA-associated), AClike_MES1like.1, Undefined_9, T proliferatve cells, OPClike.1, Endothelial (CNA-associated), AClike.2, NK T cells	MES1like_MES2like.1, AClike_MES1like.1, VLMC, AClike.2, NPC2like.1, MES2like.1, Pericyte (CNA-associated), OPClike.1, Ambiguous (lymphocyte 1), CD8+ T cytotoxic cells 	Gliosis
sp_batchAT12	AT12_4	1	AClike.1, AClike.4, Ion-channel Astrocytes, OPClike.2, Oligo.-associated Astrocytes, NPC2like_OPClike.1, NPC1like_OPClike.1, MES2like.2, OPClike.3, AClike.3	AClike.1, AClike.4, AClike.3, Neural-support Astrocytes, OPClike.2, NPC2like_OPClike.1, Oligo.-associated Astrocytes, Ion-channel Astrocytes, AClike.2, NPC1like_OPClike.1	Dev-like (AC)
sp_batchAT12	AT12_5	5	Stress-response TAMs, Angiogenic TAMs, Mixed CD4/CD8 T cells, Resident BAM TAMs, Lymphoid DC, Ambiguous (vascular), A1-state Astrocytes, Resident-Microglia TAMs, Anti-inflammatory TAMs, Naïve T cells	Stress-response TAMs, Angiogenic TAMs, Resident BAM TAMs, MES2like.1, Mixed CD4/CD8 T cells, Lymphoid DC, Ambiguous (vascular), Ambiguous (lymphocyte 1), A1-state Astrocytes, Endothelial (arteriole)	Hypoxic 1
sp_batchAT12	AT12_6	10	Exc L4-5 IT, Exc L6 IT, Exc L6b, Exc L4 IT, Undefined_3, Exc L6 Car3, Exc L5-6 NP, L5 ET, Exc L2-3 IT, Undefined_2	Exc L4-5 IT, Exc L6 IT, Exc L2-3 IT, Neural-support Astrocytes, Inh SST, Oligodendrocytes 1, Undefined_3, Inh PVALB, OPCs, Exc L4 IT	Grey matter
sp_batchAT12	AT12_7	0	Pericytes, Endothelial (capillary), Endothelial (venule), Endothelial (Other), Endothelial (CNA-associated), Endothelial (arteriole), Pericyte (CNA-associated), Ambiguous (vascular), CD8 T cells, Undefined_4	Pericytes, Endothelial (capillary), Endothelial (Other), Endothelial (venule), Endothelial (arteriole), Endothelial (CNA-associated), VLMC, Pericyte (CNA-associated), Ambiguous (vascular), AClike.2	Vasculature
sp_batchAT12	AT12_8	3	Oligodendrocytes 1, Oligodendrocytes 2, Undefined_1, Ambiguous (oligo.), OPCs, Inflammatory Astrocytes, Undefined_8, Undefined_3, Undefined_2, Undefined_0	Oligodendrocytes 1, Oligodendrocytes 2, Neural-support Astrocytes, OPCs, Undefined_1, Exc L2-3 IT, Inh SST, Exc L6 IT, Ambiguous (oligo.), Oligo.-associated Astrocytes	White matter
sp_batchAT12	AT12_9	10	Exc L2-3 IT, Exc L6 Car3, L5 ET, Undefined_3, Exc L6 IT, Exc L4 IT, Inh LAMP5, Undefined_7, Inh Chandelier, Inh VIP	Exc L2-3 IT, Exc L6 IT, Exc L4-5 IT, Neural-support Astrocytes, Inh SST, Oligodendrocytes 1, Inh LAMP5, Undefined_3, OPCs, Exc L6 Car3	Grey matter
sp_batchAT13	AT13_0	3	Oligodendrocytes 2, Oligodendrocytes 1, Ambiguous (lymphocyte 2), Ambiguous (oligo.), Ambiguous (vascular), Naïve T cells, CD8+ T cytotoxic cells , Resident-Microglia TAMs, OPC (differentiating), Macrophage (microglia)	Oligodendrocytes 2, Ambiguous (oligo.), Oligodendrocytes 1, Ambiguous (lymphocyte 2), Naïve T cells, Resident-Microglia TAMs, OPC (differentiating), Ambiguous (vascular), AClike_MES1like.4, CD8+ T cytotoxic cells 	White matter
sp_batchAT13	AT13_1	14	Pro-inflammatory TAMs, Resident-Microglia TAMs, Interferon TAMs, Lymphoid DC, Proliferatve TAMs, Anti-inflammatory TAMs, Macrophage (microglia), Phagocytotic astrocytes, RTN1+ TAMs, Resident BAM TAMs	Resident-Microglia TAMs, Anti-inflammatory TAMs, Pro-inflammatory TAMs, Proliferatve TAMs, Interferon TAMs, Lymphoid DC, Macrophage (microglia), Angiogenic TAMs, Ambiguous (oligo.), Stress-response TAMs	Immune (TAMs)
sp_batchAT13	AT13_10	10	Exc L2-3 IT, Exc L6 IT, Exc L6 Car3, Exc L4 IT, Exc L6CT, Inh SST, Undefined_3, Inh VIP, Ambiguous (lymphocyte 1), Exc L6b	Exc L2-3 IT, Exc L4-5 IT, L5 ET, Exc L6 IT, Exc L6 Car3, Exc L6b, Inh PVALB, Inh SST, Exc L4 IT, Inh Chandelier	Grey matter
sp_batchAT13	AT13_11	0	Pericytes, Endothelial (Other), Endothelial (arteriole), Pericyte (CNA-associated), VLMC, Endothelial (capillary), Endothelial (venule), Endothelial (CNA-associated), AClike.3, NK T cells	Pericytes, Endothelial (Other), Endothelial (capillary), Endothelial (arteriole), Pericyte (CNA-associated), VLMC, AClike.3, Endothelial (venule), Proliferatve TAMs, Anti-inflammatory TAMs	Vasculature
sp_batchAT13	AT13_12	10	Inh PVALB, Inh LAMP5, Inh Chandelier, Inh SST, Inh SST (Chodl), Inh VIP, Inh PAX6, Ambiguous (neurons), Inh RELN, Exc L5-6 NP	Inh PVALB, Inh Chandelier, Exc L4-5 IT, Inh LAMP5, Inh SST, Exc L2-3 IT, L5 ET, Inh SST (Chodl), Inh PAX6, Inh VIP	Grey matter
sp_batchAT13	AT13_13	3	Undefined_6, Ambiguous (oligo.), Oligodendrocytes 1, Undefined_0, Undefined_1, Undefined_10, Stress-response TAMs, Ambiguous (lymphocyte 2), Ambiguous (neurons), Undefined_4	Ambiguous (oligo.), Oligodendrocytes 1, Undefined_6, Naïve T cells, OPC (differentiating), Undefined_0, Proliferatve TAMs, Undefined_1, Ambiguous (lymphocyte 2), ECM Astrocytes	White matter
sp_batchAT13	AT13_14	10	Exc L4-5 IT, Exc L4 IT, Exc L6 IT, Exc L6b, Exc L6 Car3, Exc L5-6 NP, Exc L6CT, Undefined_1, Undefined_3, Exc L2-3 IT	Exc L4-5 IT, Exc L2-3 IT, L5 ET, Exc L6b, Exc L4 IT, Exc L6 IT, Inh PVALB, Exc L5-6 NP, Exc L6 Car3, Inh Chandelier	Grey matter
sp_batchAT13	AT13_15	15	AClike_MES1like.1, MES1like_MES2like.1, MES2like.2, MES1like_NPC2like.1, Angiogenic TAMs, Endothelial (venule), OPClike.1, OPClike.5, AClike_MES2like.1, AClike_MES1like.2	MES1like_MES2like.1, AClike_MES1like.1, MES2like.2, MES1like_NPC2like.1, AClike_MES1like.4, AClike.2, Angiogenic TAMs, OPClike.1, AClike_MES1like.2, Endothelial (Other)	Gliosis
sp_batchAT13	AT13_2	3	OPC (differentiating), OPCs, Ion-channel Astrocytes, OPClike.4, Ambiguous (neurons), Exc L6b, Undefined_10, Undefined_7, Undefined_4, Undefined_2	OPC (differentiating), OPCs, Oligodendrocytes 1, Exc L6b, Ambiguous (lymphocyte 2), Endothelial (capillary), Oligo.-associated Astrocytes, Undefined_1, Undefined_0, Ion-channel Astrocytes	White matter
sp_batchAT13	AT13_3	1	AClike.1, AClike.4, AClike_MES1like.3, OPClike.2, NPC1like_OPClike.1, NPC1like.1, AClike.3, OPClike.1, AClike.2, NPC2like.4	AClike.1, AClike.2, Anti-inflammatory TAMs, AClike.3, OPClike.1, AClike_MES1like.1, NPC1like.1, AClike_MES1like.3, AClike.4, NPC2like.4	Dev-like (AC)
sp_batchAT13	AT13_4	10	L5 ET, Undefined_1, Exc L5-6 NP, Exc L6b, Inh Chandelier, Exc L4-5 IT, Undefined_3, Exc L2-3 IT, Inh PVALB, Inh SST (Chodl)	L5 ET, Exc L2-3 IT, Exc L4-5 IT, Inh PVALB, Exc L6b, Inh Chandelier, Exc L5-6 NP, Undefined_1, A1-state Astrocytes, Undefined_6	Grey matter
sp_batchAT13	AT13_5	2	ECM Astrocytes, Oligo.-associated Astrocytes, Inflammatory Astrocytes, Ion-channel Astrocytes, AClike_MES1like.2, AClike.2, Ambiguous (vascular), Stress-response TAMs, Undefined_4, Neural-support Astrocytes	ECM Astrocytes, Oligo.-associated Astrocytes, AClike.2, Inflammatory Astrocytes, Ambiguous (oligo.), AClike_MES1like.2, Neural-support Astrocytes, OPC (differentiating), Ion-channel Astrocytes, Stress-response TAMs	Astrocyte rich
sp_batchAT13	AT13_6	18	AClike_MES1like.4, NK T cells, NPC2like.4, Undefined_6, AClike_MES2like.1, T proliferatve cells, OPClike.3, NPC1like.1, AClike_MES1like.2, Proliferatve TAMs	AClike_MES1like.4, Undefined_6, Anti-inflammatory TAMs, Proliferatve TAMs, MES1like_MES2like.1, AClike_MES1like.2, NPC2like.4, Endothelial (Other), NPC1like.1, AClike_MES2like.1	Gliosis (diffuse)
sp_batchAT13	AT13_7	13	Naïve T cells, Endothelial (capillary), Resident-Microglia TAMs, CD8+ T cytotoxic cells , Ambiguous (lymphocyte 2), Undefined_6, VLMC, B cells, OPCs, Resident BAM TAMs	Naïve T cells, Endothelial (capillary), Resident-Microglia TAMs, Oligodendrocytes 2, Undefined_6, Ambiguous (lymphocyte 2), Oligodendrocytes 1, AClike_MES1like.4, CD8+ T cytotoxic cells , VLMC	Gliosis (diffuse)
sp_batchAT13	AT13_8	7	A1-state Astrocytes, Neural-support Astrocytes, Inh RELN, Ion-channel Astrocytes, Ambiguous (neurons), Inh PAX6, Undefined_7, Inh VIP, Undefined_8, Endothelial (CNA-associated)	A1-state Astrocytes, Neural-support Astrocytes, Endothelial (capillary), Inh LAMP5, Inh PAX6, Inh RELN, Inh VIP, AClike.2, Undefined_6, AClike_MES1like.4	Pial layer
sp_batchAT13	AT13_9	17	MES2like.1, Stress-response TAMs, MES1like_MES2like.1, Angiogenic TAMs, OPClike.5, Endothelial (venule), AClike_MES1like.4, AClike_MES2like.1, NK T cells, T proliferatve cells	MES2like.1, MES1like_MES2like.1, AClike_MES1like.4, Stress-response TAMs, Angiogenic TAMs, AClike_MES2like.1, Endothelial (venule), Endothelial (arteriole), Naïve T cells, NK T cells	Hypoxic 1
sp_batchAT14	AT14_0	17	MES2like.1, Stress-response TAMs, Exc L4-5 IT, MES1like_MES2like.1, OPClike.4, Exc L2-3 IT, MES2like.2, Inh RELN, Exc L6CT, Ambiguous (neurons)	MES2like.1, Stress-response TAMs, MES1like_MES2like.1, MES2like.2, Endothelial (venule), AClike_MES1like.1, AClike_MES2like.1, OPClike.4, B cells, Inh RELN	Hypoxic 1
sp_batchAT14	AT14_1	12	Resident-Microglia TAMs, Lymphoid DC, Pro-inflammatory TAMs, Monocyte, Phagocytotic astrocytes, Interferon TAMs, Macrophage (microglia), Proliferatve TAMs, Anti-inflammatory TAMs, Resident BAM TAMs	Resident-Microglia TAMs, Pro-inflammatory TAMs, Phagocytotic astrocytes, Monocyte, Lymphoid DC, Interferon TAMs, Proliferatve TAMs, Anti-inflammatory TAMs, AClike_MES1like.4, Macrophage (microglia)	Immune (resident)
sp_batchAT14	AT14_10	1	AClike_MES1like.3, Neural-support Astrocytes, AClike.2, Ion-channel Astrocytes, NPC1like_OPClike.1, OPCs, Inh RELN, NPC2like.5, ECM Astrocytes, Macrophage (microglia)	AClike_MES1like.3, AClike.2, Neural-support Astrocytes, AClike.4, ECM Astrocytes, Ion-channel Astrocytes, NPC1like_OPClike.1, OPCs, Macrophage (microglia), OPC (differentiating)	Dev-like (AC)
sp_batchAT14	AT14_11	15	MES1like_MES2like.1, VLMC, Endothelial (CNA-associated), Angiogenic TAMs, Exc L6b, Exc L6CT, T reg, Undefined_10, OPClike.4, Inh PVALB	MES1like_MES2like.1, VLMC, Endothelial (CNA-associated), Angiogenic TAMs, MES2like.1, AClike_MES1like.1, AClike_MES1like.4, T reg, IFN-response T cells, Plasma cells	Gliosis
sp_batchAT14	AT14_12	0	Endothelial (capillary), Pericyte (CNA-associated), Endothelial (arteriole), Endothelial (Other), Ambiguous (vascular), RTN1+ TAMs, Endothelial (venule), Resident BAM TAMs, Anti-inflammatory TAMs, Endothelial (CNA-associated)	Endothelial (capillary), Pericyte (CNA-associated), Endothelial (Other), Endothelial (arteriole), Endothelial (venule), Endothelial (CNA-associated), RTN1+ TAMs, Resident BAM TAMs, IFN-response T cells, Anti-inflammatory TAMs	Vasculature
sp_batchAT14	AT14_13	1	AClike.1, OPClike.2, MES2like.2, Ambiguous (neurons), AClike.2, NPC1like_OPClike.3, OPClike.3, Neural-support Astrocytes, ECM Astrocytes, Undefined_0	AClike.1, AClike.2, MES2like.2, OPClike.2, ECM Astrocytes, Neural-support Astrocytes, OPClike.3, OPClike.1, NPC1like_OPClike.3, Ambiguous (neurons)	Dev-like (AC)
sp_batchAT14	AT14_14	3	Oligodendrocytes 2, Oligodendrocytes 1, OPC (differentiating), Ambiguous (oligo.), Monocyte, Macrophage (microglia), OPCs, Endothelial (Other), Interferon TAMs, Pro-inflammatory TAMs	Oligodendrocytes 2, Oligodendrocytes 1, OPC (differentiating), Ambiguous (oligo.), Monocyte, Resident-Microglia TAMs, Macrophage (microglia), Endothelial (Other), Pro-inflammatory TAMs, OPCs	White matter
sp_batchAT14	AT14_15	11	AClike_MES1like.1, Endothelial (CNA-associated), Ambiguous (lymphocyte 1), Angiogenic TAMs, Undefined_10, Inflammatory Astrocytes, Pericyte (CNA-associated), IFN-response T cells, Proliferatve TAMs, Monocyte	AClike_MES1like.1, MES2like.1, Endothelial (CNA-associated), Pericyte (CNA-associated), Angiogenic TAMs, AClike.2, MES1like_MES2like.1, Proliferatve TAMs, Stress-response TAMs, VLMC	Gliosis transition
sp_batchAT14	AT14_2	1	NPC1like.1, OPClike.1, NPC2like.4, AClike_MES2like.1, MES2like.2, NPC2like.2, AClike_MES1like.2, NPC2like.1, MES1like_NPC2like.1, AClike.1	NPC1like.1, OPClike.1, AClike_MES1like.1, AClike.3, MES2like.1, AClike.1, NPC2like.4, MES2like.2, MES1like_MES2like.1, AClike_MES2like.1	Dev-like (AC)
sp_batchAT14	AT14_3	5	Stress-response TAMs, Angiogenic TAMs, Naïve T cells, Mixed CD4/CD8 T cells, MES2like.1, B cells, CD8 T cells, T reg, NK cells, CD8+ T cytotoxic cells 	Stress-response TAMs, Angiogenic TAMs, MES2like.1, Naïve T cells, Mixed CD4/CD8 T cells, B cells, CD8 T cells, T reg, IFN-response T cells, CD8+ T cytotoxic cells 	Hypoxic 1
sp_batchAT14	AT14_4	7	AClike.4, Undefined_7, ECM Astrocytes, Exc L2-3 IT, Interferon TAMs, Inh RELN, Ambiguous (lymphocyte 1), OPCs, Ion-channel Astrocytes, Undefined_9	AClike.4, ECM Astrocytes, Undefined_7, Interferon TAMs, Phagocytotic astrocytes, Monocyte, Stress-response TAMs, Ambiguous (lymphocyte 1), Pro-inflammatory TAMs, Neural-support Astrocytes	Pial layer
sp_batchAT14	AT14_5	18	AClike_MES1like.4, Naïve T cells, Undefined_6, Undefined_1, Ambiguous (neurons), Mixed CD4/CD8 T cells, Inh PVALB, Exc L6b, NPC1like_OPClike.2, OPClike.3	AClike_MES1like.4, Naïve T cells, T proliferatve cells, Undefined_6, Undefined_1, OPClike.3, B cells, T reg, Mixed CD4/CD8 T cells, CD8 T cells	Gliosis (diffuse)
sp_batchAT14	AT14_6	14	T proliferatve cells, Proliferatve TAMs, VLMC, Undefined_8, NK T cells, CD8 T cells, RTN1+ TAMs, Endothelial (venule), NPC1like_OPClike.2, CD8+ T cytotoxic cells 	T proliferatve cells, Proliferatve TAMs, AClike_MES1like.4, VLMC, Endothelial (venule), RTN1+ TAMs, CD8 T cells, Undefined_8, OPClike.3, CD8+ T cytotoxic cells 	Immune (TAMs)
sp_batchAT14	AT14_7	3	Ambiguous (oligo.), Ambiguous (lymphocyte 2), Oligodendrocytes 1, Undefined_1, OPC (differentiating), Undefined_6, Undefined_3, Undefined_0, Undefined_4, Oligodendrocytes 2	Oligodendrocytes 1, Ambiguous (oligo.), Ambiguous (lymphocyte 2), Oligodendrocytes 2, Undefined_1, Pro-inflammatory TAMs, Undefined_6, Resident-Microglia TAMs, OPC (differentiating), Undefined_0	White matter
sp_batchAT14	AT14_8	0	Pericytes, Endothelial (Other), VLMC, Pericyte (CNA-associated), Endothelial (arteriole), Endothelial (venule), Endothelial (capillary), Ambiguous (vascular), Mixed CD4/CD8 T cells, CD8 T cells	Pericytes, Endothelial (Other), VLMC, Pericyte (CNA-associated), Endothelial (capillary), Endothelial (venule), Endothelial (arteriole), Ambiguous (vascular), Naïve T cells, CD8 T cells	Vasculature
sp_batchAT14	AT14_9	4	AClike.3, OPClike.2, MES1like_NPC2like.1, NPC1like_OPClike.2, OPClike.3, NPC2like_OPClike.1, Ambiguous (neurons), Undefined_8, NPC1like_OPClike.3, NPC2like.5	AClike.3, OPClike.2, MES1like_NPC2like.1, T proliferatve cells, OPClike.3, NPC1like.1, NPC1like_OPClike.2, AClike_MES1like.4, Undefined_8, Undefined_0	Proliferative
sp_batchAT15	AT15_0	3	Undefined_8, Ambiguous (lymphocyte 2), Oligodendrocytes 1, OPC (differentiating), Oligodendrocytes 2, Ambiguous (oligo.), Undefined_0, Undefined_4, Undefined_10, Macrophage (microglia)	Oligodendrocytes 2, Oligodendrocytes 1, Ambiguous (oligo.), Macrophage (microglia), Oligo.-associated Astrocytes, OPC (differentiating), Pro-inflammatory TAMs, Resident-Microglia TAMs, ECM Astrocytes, Ambiguous (lymphocyte 2)	White matter
sp_batchAT15	AT15_1	4	AClike.3, MES1like_NPC2like.1, NPC1like.1, NPC1like_OPClike.1, Proliferatve TAMs, OPClike.4, AClike_MES1like.1, NPC1like_OPClike.2, OPClike.1, Oligodendrocytes 2	AClike.3, MES1like_NPC2like.1, NPC1like_OPClike.1, Proliferatve TAMs, NPC1like.1, AClike_MES1like.1, OPClike.4, NPC1like_OPClike.2, OPClike.1, Oligodendrocytes 2	Proliferative
sp_batchAT15	AT15_10	5	Stress-response TAMs, Angiogenic TAMs, MES2like.1, AClike_MES1like.4, MES1like_MES2like.1, Plasma cells, Resident BAM TAMs, Proliferatve TAMs, VLMC, OPClike.1	Stress-response TAMs, Angiogenic TAMs, MES1like_MES2like.1, MES2like.1, AClike_MES1like.4, Resident BAM TAMs, Proliferatve TAMs, VLMC, Plasma cells, OPClike.1	Hypoxic 1
sp_batchAT15	AT15_11	1	AClike.1, AClike.4, AClike_MES1like.2, OPClike.1, Proliferatve TAMs, MES1like_NPC2like.1, Monocyte, NPC1like_OPClike.3, AClike_MES1like.1, Anti-inflammatory TAMs	AClike.1, AClike_MES1like.1, AClike_MES1like.2, MES1like_NPC2like.1, Proliferatve TAMs, Monocyte, AClike.2, AClike.4, OPClike.1, AClike_MES1like.4	Dev-like (AC)
sp_batchAT15	AT15_12	8	NPC2like.2, AClike_MES1like.3, NPC2like.5, NPC1like.1, Ambiguous (lymphocyte 1), NPC2like_OPClike.1, NPC1like_OPClike.2, NPC2like.3, OPClike.5, AClike_MES2like.1	NPC2like.2, NPC2like.3, NPC2like.5, NPC1like.1, NPC2like_OPClike.1, NPC2like.1, NPC1like_OPClike.2, AClike.3, AClike_MES1like.3, MES2like.1	Dev-like (Neuron)
sp_batchAT15	AT15_13	10	Exc L6 IT, Exc L6CT, Exc L6b, Undefined_1, Exc L6 Car3, Undefined_3, L5 ET, Undefined_2, Inh PVALB, Inh SST (Chodl)	Undefined_3, Undefined_1, Exc L6 IT, Inh PVALB, Exc L4-5 IT, Neural-support Astrocytes, Inh SST, Exc L6CT, Exc L6b, Inh Chandelier	Grey matter
sp_batchAT15	AT15_14	7	Neural-support Astrocytes, Inh RELN, OPCs, Oligo.-associated Astrocytes, Undefined_7, A1-state Astrocytes, Inflammatory Astrocytes, Inh PAX6, Endothelial (capillary), Inh LAMP5	Neural-support Astrocytes, Oligo.-associated Astrocytes, Endothelial (capillary), Exc L2-3 IT, OPCs, Inh RELN, Inh LAMP5, A1-state Astrocytes, Macrophage (microglia), Ion-channel Astrocytes	Pial layer
sp_batchAT15	AT15_15	10	Exc L2-3 IT, Inh VIP, Inh SST, Inh LAMP5, Inh PAX6, Undefined_7, Inh RELN, OPCs, Inh Chandelier, Inh PVALB	Exc L2-3 IT, Neural-support Astrocytes, Inh SST, Undefined_3, Inh PVALB, Inh VIP, Inh LAMP5, Inh Chandelier, OPCs, Inh RELN	Grey matter
sp_batchAT15	AT15_2	1	AClike.2, Resident-Microglia TAMs, Phagocytotic astrocytes, RTN1+ TAMs, AClike_MES2like.1, Ion-channel Astrocytes, NPC1like_OPClike.2, Macrophage (microglia), Undefined_9, OPClike.3	AClike.2, Resident-Microglia TAMs, Macrophage (microglia), OPClike.2, NPC1like_OPClike.2, NPC1like_OPClike.1, AClike_MES1like.2, NPC2like.2, NPC2like_OPClike.1, Ion-channel Astrocytes	Dev-like (AC)
sp_batchAT15	AT15_3	10	Exc L4-5 IT, Exc L4 IT, Exc L5-6 NP, L5 ET, Undefined_2, Inh Chandelier, Inh PVALB, Undefined_3, Inh SST, Undefined_1	Exc L4-5 IT, Undefined_3, Inh PVALB, Undefined_1, Neural-support Astrocytes, Inh SST, Inh Chandelier, Exc L4 IT, Exc L5-6 NP, Oligo.-associated Astrocytes	Grey matter
sp_batchAT15	AT15_4	8	NPC2like.1, Endothelial (CNA-associated), Lymphoid DC, Undefined_9, OPClike.5, Ambiguous (lymphocyte 1), Undefined_10, NPC1like_OPClike.3, NPC2like_OPClike.1, OPClike.1	NPC2like.1, NPC2like.5, NPC2like.2, Monocyte, NPC2like_OPClike.1, AClike.2, NPC2like.4, OPClike.1, AClike_MES1like.2, AClike_MES1like.4	Dev-like (Neuron)
sp_batchAT15	AT15_5	0	Pericytes, Endothelial (Other), NK cells, T proliferatve cells, Pericyte (CNA-associated), IFN-response T cells, Endothelial (venule), Plasma cells, Anti-inflammatory TAMs, NK T cells	Pericytes, Endothelial (Other), MES1like_NPC2like.1, Proliferatve TAMs, Anti-inflammatory TAMs, Pericyte (CNA-associated), Monocyte, AClike_MES1like.1, NK cells, RTN1+ TAMs	Vasculature
sp_batchAT15	AT15_6	2	ECM Astrocytes, Pro-inflammatory TAMs, A1-state Astrocytes, Inflammatory Astrocytes, Endothelial (arteriole), Inh RELN, Endothelial (venule), Oligo.-associated Astrocytes, Neural-support Astrocytes, Resident BAM TAMs	ECM Astrocytes, Pro-inflammatory TAMs, Neural-support Astrocytes, Endothelial (arteriole), A1-state Astrocytes, Oligo.-associated Astrocytes, AClike_MES1like.2, Inh RELN, Inflammatory Astrocytes, Monocyte	Astrocyte rich
sp_batchAT15	AT15_7	15	MES1like_MES2like.1, MES2like.2, AClike_MES1like.4, AClike_MES1like.1, MES2like.1, Plasma cells, NK T cells, IFN-response T cells, T reg, CD8 T cells	MES1like_MES2like.1, AClike_MES1like.1, AClike_MES1like.4, MES2like.1, Angiogenic TAMs, Stress-response TAMs, MES2like.2, VLMC, NPC2like.1, Plasma cells	Gliosis
sp_batchAT15	AT15_8	0	Ambiguous (vascular), VLMC, Endothelial (arteriole), Resident BAM TAMs, Endothelial (venule), Pericytes, AClike_MES1like.1, Pericyte (CNA-associated), NPC1like_OPClike.1, OPClike.3	VLMC, Endothelial (arteriole), Ambiguous (vascular), Resident BAM TAMs, Pericytes, Endothelial (venule), AClike_MES1like.1, Pericyte (CNA-associated), NPC1like_OPClike.1, OPClike.3	Vasculature
sp_batchAT15	AT15_9	4	Ambiguous (neurons), OPClike.4, Undefined_6, OPClike.2, NPC1like_OPClike.1, NPC2like.4, NPC2like.3, Phagocytotic astrocytes, Undefined_7, Ion-channel Astrocytes	NPC2like.3, NPC1like_OPClike.1, OPClike.2, NPC2like.4, OPClike.4, Resident-Microglia TAMs, Ambiguous (neurons), NPC2like.5, NPC1like_OPClike.2, Undefined_6	Proliferative
sp_batchAT3	AT3_0	5	Stress-response TAMs, Naïve T cells, Angiogenic TAMs, T reg, Plasma cells, MES2like.1, Mixed CD4/CD8 T cells, Proliferatve TAMs, Interferon TAMs, NK cells	Stress-response TAMs, MES2like.1, Angiogenic TAMs, Naïve T cells, Proliferatve TAMs, Mixed CD4/CD8 T cells, T reg, Plasma cells, Interferon TAMs, MES1like_MES2like.1	Hypoxic 1
sp_batchAT3	AT3_1	14	Proliferatve TAMs, Resident-Microglia TAMs, Monocyte, Interferon TAMs, RTN1+ TAMs, Anti-inflammatory TAMs, Pro-inflammatory TAMs, Resident BAM TAMs, Phagocytotic astrocytes, Macrophage (microglia)	Proliferatve TAMs, Resident-Microglia TAMs, Anti-inflammatory TAMs, Resident BAM TAMs, Angiogenic TAMs, RTN1+ TAMs, Pro-inflammatory TAMs, Phagocytotic astrocytes, Monocyte, Interferon TAMs	Immune (TAMs)
sp_batchAT3	AT3_10	0	Endothelial (Other), Pericytes, Endothelial (capillary), Endothelial (venule), Endothelial (arteriole), Pericyte (CNA-associated), Ambiguous (vascular), Endothelial (CNA-associated), T proliferatve cells, Lymphoid DC	Pericytes, Endothelial (Other), Endothelial (capillary), Endothelial (arteriole), Endothelial (venule), Pericyte (CNA-associated), Ambiguous (vascular), Resident-Microglia TAMs, Anti-inflammatory TAMs, Endothelial (CNA-associated)	Vasculature
sp_batchAT3	AT3_11	2	NPC2like.4, Undefined_5, Undefined_6, Inh SST (Chodl), Undefined_3, Undefined_0, Undefined_4, Ambiguous (neurons), Undefined_2, Undefined_1	NPC2like.4, Undefined_6, Undefined_0, Undefined_5, Oligo.-associated Astrocytes, AClike_MES1like.4, A1-state Astrocytes, Undefined_1, Endothelial (venule), Inh SST	Astrocyte rich
sp_batchAT3	AT3_12	10	Exc L2-3 IT, Exc L4-5 IT, Inh SST, Inh VIP, Exc L6b, Inh PVALB, Exc L6 IT, Inh RELN, Undefined_0, Exc L6 Car3	Exc L2-3 IT, Undefined_6, Inh SST, Inh VIP, Exc L4-5 IT, Undefined_0, Exc L6b, Inh PVALB, Undefined_1, Inh RELN	Grey matter
sp_batchAT3	AT3_13	1	NPC1like.1, AClike.1, NPC1like_OPClike.3, NPC1like_OPClike.1, OPCs, Endothelial (capillary), OPClike.2, Phagocytotic astrocytes, Endothelial (CNA-associated), AClike.2	AClike.1, NPC1like.1, AClike.3, NPC1like_OPClike.3, NPC1like_OPClike.1, OPClike.2, AClike.2, OPClike.3, AClike_MES1like.1, NPC2like.1	Dev-like (AC)
sp_batchAT3	AT3_14	0	VLMC, Resident BAM TAMs, Pericytes, Anti-inflammatory TAMs, Endothelial (arteriole), Ambiguous (vascular), Monocyte, Naïve T cells, NK cells, Lymphoid DC	VLMC, Pericytes, Resident BAM TAMs, Anti-inflammatory TAMs, Proliferatve TAMs, Resident-Microglia TAMs, Endothelial (arteriole), Naïve T cells, Monocyte, Ambiguous (vascular)	Vasculature
sp_batchAT3	AT3_15	4	AClike.3, NPC1like.1, AClike_MES2like.1, NPC1like_OPClike.3, OPClike.3, OPClike.2, NPC1like_OPClike.1, AClike_MES1like.2, AClike_MES1like.1, NPC2like_OPClike.1	AClike.3, NPC1like.1, NPC1like_OPClike.3, OPClike.2, AClike_MES1like.1, OPClike.3, AClike_MES1like.2, NPC1like_OPClike.1, AClike_MES2like.1, AClike.2	Proliferative
sp_batchAT3	AT3_2	7	A1-state Astrocytes, Inflammatory Astrocytes, ECM Astrocytes, Oligo.-associated Astrocytes, Neural-support Astrocytes, MES1like_NPC2like.1, Ambiguous (oligo.), Ion-channel Astrocytes, NPC2like.2, Undefined_4	A1-state Astrocytes, Neural-support Astrocytes, Oligo.-associated Astrocytes, Inflammatory Astrocytes, ECM Astrocytes, MES1like_NPC2like.1, Endothelial (Other), MES2like.2, Ion-channel Astrocytes, Ambiguous (oligo.)	Pial layer
sp_batchAT3	AT3_3	6	NPC1like_OPClike.2, OPClike.2, OPClike.3, NPC2like.5, NPC2like.3, OPClike.5, OPClike.4, AClike.4, Oligo.-associated Astrocytes, T proliferatve cells	OPClike.2, AClike.3, OPClike.3, AClike.1, AClike_MES1like.4, NPC1like_OPClike.2, AClike.4, NPC1like.1, Oligo.-associated Astrocytes, NPC2like_OPClike.1	Dev-like (OPC)
sp_batchAT3	AT3_4	1	AClike.2, NPC2like.1, Oligodendrocytes 2, AClike_MES2like.1, Exc L6CT, Oligodendrocytes 1, Exc L5-6 NP, Ambiguous (neurons), Ambiguous (lymphocyte 1), NPC2like_OPClike.1	AClike.2, AClike.1, MES1like_MES2like.1, NPC1like_OPClike.3, NPC2like.1, AClike.3, AClike_MES1like.1, NPC1like_OPClike.1, NPC1like.1, AClike_MES2like.1	Dev-like (AC)
sp_batchAT3	AT3_5	18	AClike_MES1like.4, Naïve T cells, Endothelial (venule), CD8+ T cytotoxic cells , B cells, NPC1like_OPClike.2, T proliferatve cells, NK cells, Resident-Microglia TAMs, CD8 T cells	AClike_MES1like.4, MES2like.1, Naïve T cells, NPC2like.4, Resident-Microglia TAMs, Endothelial (venule), NPC1like_OPClike.2, Stress-response TAMs, CD8+ T cytotoxic cells , OPClike.2	Gliosis (diffuse)
sp_batchAT3	AT3_6	15	MES1like_MES2like.1, MES2like.2, MES1like_NPC2like.1, Angiogenic TAMs, NPC2like.1, NPC2like.2, AClike_MES2like.1, Exc L6CT, Proliferatve TAMs, Undefined_8	MES1like_MES2like.1, MES2like.2, AClike.2, VLMC, Angiogenic TAMs, NPC2like.1, AClike_MES1like.1, Proliferatve TAMs, MES1like_NPC2like.1, A1-state Astrocytes	Gliosis
sp_batchAT3	AT3_7	11	AClike_MES1like.1, AClike.4, OPClike.1, AClike_MES1like.3, Inflammatory Astrocytes, NPC2like.3, NPC2like_OPClike.1, MES1like_NPC2like.1, AClike.1, NPC2like.5	AClike_MES1like.1, AClike.1, AClike_MES1like.4, AClike.4, NPC2like.4, AClike.3, OPClike.1, NPC1like.1, AClike_MES1like.3, MES2like.2	Gliosis transition
sp_batchAT3	AT3_8	17	MES2like.1, Naïve T cells, MES2like.2, T reg, Mixed CD4/CD8 T cells, Plasma cells, Stress-response TAMs, CD8+ T cytotoxic cells , NK cells, Angiogenic TAMs	MES2like.1, Stress-response TAMs, Naïve T cells, MES2like.2, Angiogenic TAMs, Mixed CD4/CD8 T cells, MES1like_MES2like.1, T reg, Plasma cells, NK cells	Hypoxic 1
sp_batchAT3	AT3_9	16	AClike_MES1like.2, ECM Astrocytes, NPC1like_OPClike.1, OPClike.5, Neural-support Astrocytes, OPCs, Oligo.-associated Astrocytes, OPClike.4, Undefined_8, Resident-Microglia TAMs	AClike_MES1like.2, NPC1like_OPClike.1, Neural-support Astrocytes, ECM Astrocytes, OPClike.2, Resident-Microglia TAMs, Oligo.-associated Astrocytes, OPClike.5, OPClike.3, OPCs	Gliosis transition
sp_batchAT4	AT4_0	15	MES1like_MES2like.1, Ambiguous (lymphocyte 1), T reg, AClike_MES1like.1, Undefined_2, Undefined_3, Pericyte (CNA-associated), Stress-response TAMs, Inh Chandelier, CD8 T cells	MES1like_MES2like.1, AClike_MES1like.1, Angiogenic TAMs, MES2like.1, Stress-response TAMs, VLMC, RTN1+ TAMs, Ambiguous (lymphocyte 1), IFN-response T cells, T reg	Gliosis
sp_batchAT4	AT4_1	17	MES2like.1, Naïve T cells, B cells, Inh Chandelier, Endothelial (venule), L5 ET, NK T cells, Inh PAX6, Endothelial (arteriole), Undefined_3	MES2like.1, Naïve T cells, AClike_MES1like.4, B cells, Endothelial (venule), NK T cells, AClike.2, Inh Chandelier, Endothelial (arteriole), CD8 T cells	Hypoxic 1
sp_batchAT4	AT4_10	6	OPClike.4, NPC2like.3, L5 ET, NPC1like_OPClike.2, NPC1like_OPClike.1, OPClike.2, NPC2like.5, NPC2like.2, NPC2like.1, OPClike.5	OPClike.4, OPClike.2, NPC1like_OPClike.2, NPC1like_OPClike.1, NPC2like.3, AClike.2, AClike.3, NPC1like.1, OPClike.3, NPC1like_OPClike.3	Dev-like (OPC)
sp_batchAT4	AT4_11	2	Exc L4-5 IT, Exc L6 IT, Exc L2-3 IT, Inh SST, Exc L6CT, Ambiguous (neurons), Exc L5-6 NP, Exc L6b, Exc L6 Car3, Inh PVALB	NPC2like.4, Neural-support Astrocytes, Exc L6 IT, Exc L4-5 IT, Ambiguous (neurons), Exc L2-3 IT, Inh SST, Exc L6CT, Naïve T cells, Exc L5-6 NP	Astrocyte rich
sp_batchAT4	AT4_12	14	Proliferatve TAMs, IFN-response T cells, T proliferatve cells, RTN1+ TAMs, Lymphoid DC, Interferon TAMs, Monocyte, NK cells, Macrophage (microglia), Anti-inflammatory TAMs	Proliferatve TAMs, MES1like_MES2like.1, Interferon TAMs, RTN1+ TAMs, IFN-response T cells, Ambiguous (oligo.), T proliferatve cells, Resident-Microglia TAMs, Pro-inflammatory TAMs, Macrophage (microglia)	Immune (TAMs)
sp_batchAT4	AT4_13	12	Resident-Microglia TAMs, Pro-inflammatory TAMs, Interferon TAMs, Anti-inflammatory TAMs, NK T cells, Phagocytotic astrocytes, CD8+ T cytotoxic cells , Macrophage (microglia), Mixed CD4/CD8 T cells, Lymphoid DC	Resident-Microglia TAMs, Interferon TAMs, Naïve T cells, Pro-inflammatory TAMs, OPClike.2, Anti-inflammatory TAMs, Oligodendrocytes 1, RTN1+ TAMs, NPC1like_OPClike.2, NPC1like_OPClike.1	Immune (resident)
sp_batchAT4	AT4_14	7	OPCs, A1-state Astrocytes, Neural-support Astrocytes, Oligo.-associated Astrocytes, Ion-channel Astrocytes, Endothelial (capillary), ECM Astrocytes, Inh PAX6, Endothelial (arteriole), Undefined_7	OPCs, A1-state Astrocytes, Neural-support Astrocytes, Oligodendrocytes 2, Endothelial (capillary), Interferon TAMs, OPClike.2, Ambiguous (oligo.), Macrophage (microglia), Endothelial (Other)	Pial layer
sp_batchAT4	AT4_15	9	MES2like.2, MES2like.1, Undefined_10, NPC2like.5, MES1like_NPC2like.1, L5 ET, NPC2like.2, Inh SST (Chodl), Undefined_9, Inh Chandelier	MES2like.2, MES2like.1, MES1like_NPC2like.1, Angiogenic TAMs, NPC2like.3, Undefined_10, NPC2like.5, AClike.3, OPClike.1, NPC2like.2	Hypoxic 2
sp_batchAT4	AT4_2	4	AClike.3, NPC1like.1, AClike_MES2like.1, L5 ET, NPC2like_OPClike.1, AClike.1, AClike.4, AClike_MES1like.3, OPClike.3, NPC1like_OPClike.3	AClike.3, NPC1like.1, NPC1like_OPClike.1, AClike.1, OPClike.3, NPC1like_OPClike.3, NPC1like_OPClike.2, OPClike.4, AClike_MES2like.1, AClike.2	Proliferative
sp_batchAT4	AT4_3	0	Pericytes, VLMC, Endothelial (Other), Resident BAM TAMs, Endothelial (capillary), Pericyte (CNA-associated), Endothelial (arteriole), Ambiguous (vascular), Mixed CD4/CD8 T cells, CD8+ T cytotoxic cells 	Pericytes, VLMC, Resident BAM TAMs, Endothelial (Other), Endothelial (capillary), Mixed CD4/CD8 T cells, Pericyte (CNA-associated), RTN1+ TAMs, CD8+ T cytotoxic cells , Anti-inflammatory TAMs	Vasculature
sp_batchAT4	AT4_4	3	Oligodendrocytes 2, Oligodendrocytes 1, Undefined_1, Ambiguous (oligo.), Ambiguous (lymphocyte 2), Undefined_4, Undefined_0, OPC (differentiating), Undefined_5, Macrophage (microglia)	Oligodendrocytes 2, Oligodendrocytes 1, Ambiguous (oligo.), Undefined_1, Resident-Microglia TAMs, OPCs, Naïve T cells, Macrophage (microglia), Undefined_6, A1-state Astrocytes	White matter
sp_batchAT4	AT4_5	15	AClike_MES1like.1, MES1like_MES2like.1, MES1like_NPC2like.1, Undefined_8, Endothelial (CNA-associated), Undefined_10, Undefined_9, OPC (differentiating), Undefined_2, AClike.4	MES1like_MES2like.1, AClike_MES1like.1, Ambiguous (oligo.), Proliferatve TAMs, MES1like_NPC2like.1, IFN-response T cells, AClike.4, Interferon TAMs, AClike_MES2like.1, Oligodendrocytes 2	Gliosis
sp_batchAT4	AT4_6	1	AClike.2, AClike_MES1like.2, A1-state Astrocytes, Inflammatory Astrocytes, AClike.4, ECM Astrocytes, Ion-channel Astrocytes, Ambiguous (lymphocyte 1), Oligo.-associated Astrocytes, AClike_MES1like.3	AClike.2, AClike_MES1like.2, A1-state Astrocytes, AClike.1, OPClike.4, AClike.4, Neural-support Astrocytes, AClike_MES1like.3, NPC1like_OPClike.2, AClike_MES2like.1	Dev-like (AC)
sp_batchAT4	AT4_7	6	AClike.1, NPC1like.1, NPC1like_OPClike.3, OPClike.5, OPClike.2, NPC2like_OPClike.1, OPClike.3, OPClike.1, AClike_MES1like.3, NPC1like_OPClike.1	OPClike.2, NPC1like.1, AClike.3, NPC1like_OPClike.1, NPC1like_OPClike.2, AClike.1, OPClike.3, NPC1like_OPClike.3, NPC2like.3, AClike.2	Dev-like (OPC)
sp_batchAT4	AT4_8	18	AClike_MES1like.4, Inflammatory Astrocytes, Undefined_8, Undefined_10, Inh SST (Chodl), Undefined_6, Undefined_9, Endothelial (venule), MES1like_NPC2like.1, ECM Astrocytes	AClike_MES1like.4, Undefined_6, NPC2like.4, Resident-Microglia TAMs, RTN1+ TAMs, T proliferatve cells, Undefined_8, MES1like_NPC2like.1, MES2like.1, Undefined_10	Gliosis (diffuse)
sp_batchAT4	AT4_9	13	Angiogenic TAMs, Stress-response TAMs, Naïve T cells, B cells, NK T cells, CD8+ T cytotoxic cells , Mixed CD4/CD8 T cells, T proliferatve cells, AClike_MES1like.4, MES2like.1	Naïve T cells, Angiogenic TAMs, Stress-response TAMs, MES2like.1, AClike_MES1like.4, NK T cells, CD8+ T cytotoxic cells , T proliferatve cells, Mixed CD4/CD8 T cells, B cells	Gliosis (diffuse)
sp_batchAT5	AT5_0	12	Interferon TAMs, IFN-response T cells, Undefined_7, Phagocytotic astrocytes, AClike.1, Resident-Microglia TAMs, NPC1like_OPClike.2, RTN1+ TAMs, Lymphoid DC, Proliferatve TAMs	Resident-Microglia TAMs, Interferon TAMs, NPC1like_OPClike.2, IFN-response T cells, AClike.1, NPC1like_OPClike.3, NPC1like.1, Pro-inflammatory TAMs, Proliferatve TAMs, NPC2like.3	Immune (resident)
sp_batchAT5	AT5_1	3	Oligodendrocytes 2, Oligodendrocytes 1, OPC (differentiating), Ambiguous (lymphocyte 2), Ambiguous (oligo.), Undefined_6, Ambiguous (vascular), Oligo.-associated Astrocytes, Undefined_4, Resident-Microglia TAMs	Oligodendrocytes 1, Oligodendrocytes 2, Resident-Microglia TAMs, Undefined_6, Ambiguous (oligo.), Neural-support Astrocytes, Oligo.-associated Astrocytes, OPC (differentiating), Ambiguous (lymphocyte 2), Undefined_1	White matter
sp_batchAT5	AT5_10	1	AClike.2, A1-state Astrocytes, Inflammatory Astrocytes, ECM Astrocytes, Oligo.-associated Astrocytes, Ion-channel Astrocytes, Ambiguous (oligo.), Undefined_4, OPClike.1, AClike_MES1like.3	AClike.2, A1-state Astrocytes, Oligo.-associated Astrocytes, Ion-channel Astrocytes, Ambiguous (oligo.), Oligodendrocytes 2, Anti-inflammatory TAMs, ECM Astrocytes, MES2like.2, Resident BAM TAMs	Dev-like (AC)
sp_batchAT5	AT5_11	15	MES2like.1, MES2like.2, Stress-response TAMs, MES1like_MES2like.1, Inh SST (Chodl), Undefined_0, AClike_MES1like.4, Endothelial (arteriole), Naïve T cells, T reg	MES2like.1, MES1like_MES2like.1, MES2like.2, AClike_MES1like.4, Stress-response TAMs, Angiogenic TAMs, AClike_MES1like.1, Endothelial (arteriole), A1-state Astrocytes, Inh SST (Chodl)	Gliosis
sp_batchAT5	AT5_12	6	OPClike.4, OPCs, OPC (differentiating), OPClike.2, OPClike.3, NPC1like_OPClike.1, NPC1like_OPClike.2, Ion-channel Astrocytes, Plasma cells, Undefined_8	OPClike.4, OPClike.2, OPClike.3, OPCs, NPC1like_OPClike.2, NPC1like_OPClike.1, AClike.3, NPC1like.1, AClike_MES1like.4, Ion-channel Astrocytes	Dev-like (OPC)
sp_batchAT5	AT5_13	4	Undefined_9, AClike.3, T proliferatve cells, Proliferatve TAMs, NPC1like.1, MES1like_NPC2like.1, NPC2like.5, Plasma cells, Endothelial (venule), Endothelial (Other)	AClike.3, Undefined_9, NPC1like.1, Proliferatve TAMs, T proliferatve cells, NPC2like.5, NPC1like_OPClike.1, MES1like_NPC2like.1, OPClike.3, Plasma cells	Proliferative
sp_batchAT5	AT5_14	4	NPC1like_OPClike.3, NPC2like.3, L5 ET, Plasma cells, AClike.3, Undefined_2, T proliferatve cells, MES1like_NPC2like.1, Ambiguous (neurons), NPC1like.1	NPC1like_OPClike.3, AClike.3, NPC2like.3, AClike_MES1like.4, NPC2like_OPClike.1, NPC1like.1, NPC2like.5, OPClike.3, MES1like_NPC2like.1, T proliferatve cells	Proliferative
sp_batchAT5	AT5_15	18	AClike_MES1like.4, Naïve T cells, NK T cells, MES2like.1, NPC2like.2, Mixed CD4/CD8 T cells, Inh SST (Chodl), NPC2like.1, T reg, Undefined_5	AClike_MES1like.4, MES2like.1, MES1like_MES2like.1, NPC1like.1, NPC1like_OPClike.2, NPC2like.2, Stress-response TAMs, OPClike.5, NPC2like.1, AClike_MES1like.1	Gliosis (diffuse)
sp_batchAT5	AT5_2	8	NPC2like_OPClike.1, OPClike.5, NPC2like.2, NPC2like.5, NPC2like.1, Proliferatve TAMs, NK T cells, Naïve T cells, MES2like.1, AClike_MES1like.2	NPC2like_OPClike.1, AClike_MES1like.4, AClike_MES1like.1, MES2like.1, MES1like_MES2like.1, OPClike.5, NPC1like_OPClike.3, NPC2like.3, Resident-Microglia TAMs, NPC2like.2	Dev-like (Neuron)
sp_batchAT5	AT5_3	15	MES1like_MES2like.1, MES2like.2, Stress-response TAMs, AClike_MES2like.1, Ambiguous (oligo.), Undefined_4, Angiogenic TAMs, Undefined_8, Ambiguous (lymphocyte 2), AClike_MES1like.1	MES1like_MES2like.1, MES2like.2, Angiogenic TAMs, AClike_MES1like.1, Stress-response TAMs, AClike_MES2like.1, Ambiguous (oligo.), NPC2like.1, VLMC, AClike_MES1like.2	Gliosis
sp_batchAT5	AT5_4	12	Resident-Microglia TAMs, Undefined_6, Endothelial (arteriole), Ambiguous (vascular), Undefined_7, Phagocytotic astrocytes, Macrophage (microglia), RTN1+ TAMs, Inflammatory Astrocytes, Pro-inflammatory TAMs	Resident-Microglia TAMs, Undefined_6, Oligodendrocytes 1, Endothelial (arteriole), A1-state Astrocytes, Pro-inflammatory TAMs, AClike_MES1like.4, Phagocytotic astrocytes, RTN1+ TAMs, Macrophage (microglia)	Immune (resident)
sp_batchAT5	AT5_5	7	Neural-support Astrocytes, Oligo.-associated Astrocytes, A1-state Astrocytes, ECM Astrocytes, Inflammatory Astrocytes, Ion-channel Astrocytes, Ambiguous (vascular), Endothelial (arteriole), Undefined_4, Pericytes	Neural-support Astrocytes, A1-state Astrocytes, Oligo.-associated Astrocytes, Ion-channel Astrocytes, Oligodendrocytes 1, ECM Astrocytes, Endothelial (arteriole), Inflammatory Astrocytes, Anti-inflammatory TAMs, Endothelial (capillary)	Pial layer
sp_batchAT5	AT5_6	10	Exc L6 IT, Exc L6b, Exc L4-5 IT, Exc L6CT, Exc L2-3 IT, Undefined_1, Inh SST, Exc L4 IT, Undefined_3, Inh LAMP5	Exc L4-5 IT, Exc L6b, Exc L6 IT, Undefined_1, Neural-support Astrocytes, Exc L2-3 IT, Inh SST, Exc L4 IT, Exc L6CT, Inh PVALB	Grey matter
sp_batchAT5	AT5_7	5	Anti-inflammatory TAMs, Angiogenic TAMs, Resident BAM TAMs, VLMC, Monocyte, Pro-inflammatory TAMs, Stress-response TAMs, RTN1+ TAMs, Macrophage (microglia), Lymphoid DC	Angiogenic TAMs, MES1like_MES2like.1, Anti-inflammatory TAMs, AClike_MES1like.1, AClike.2, Resident BAM TAMs, VLMC, Stress-response TAMs, Pro-inflammatory TAMs, Interferon TAMs	Hypoxic 1
sp_batchAT5	AT5_8	11	Pericytes, AClike_MES1like.1, Endothelial (Other), Endothelial (venule), Endothelial (arteriole), Endothelial (capillary), AClike.4, NPC2like.1, AClike_MES2like.1, Endothelial (CNA-associated)	AClike_MES1like.1, Endothelial (arteriole), OPClike.5, AClike_MES2like.1, Pericytes, Endothelial (capillary), VLMC, NPC2like.1, AClike.2, AClike.1	Gliosis transition
sp_batchAT5	AT5_9	6	OPClike.2, OPClike.3, NPC1like_OPClike.1, Ion-channel Astrocytes, OPCs, NPC1like_OPClike.2, OPClike.4, Ambiguous (neurons), Endothelial (CNA-associated), Pericyte (CNA-associated)	OPClike.2, OPClike.4, OPClike.3, NPC1like_OPClike.2, AClike.2, NPC1like_OPClike.1, Ion-channel Astrocytes, NPC1like.1, OPCs, AClike.3	Dev-like (OPC)
sp_batchAT6	AT6_0	15	MES1like_MES2like.1, Inflammatory Astrocytes, Endothelial (venule), VLMC, Ambiguous (lymphocyte 1), L5 ET, Inh Chandelier, Neural-support Astrocytes, Ambiguous (lymphocyte 2), Undefined_9	MES1like_MES2like.1, VLMC, AClike_MES1like.4, AClike_MES1like.1, Pericytes, Inflammatory Astrocytes, MES2like.2, Endothelial (venule), Endothelial (Other), Angiogenic TAMs	Gliosis
sp_batchAT6	AT6_1	17	MES2like.1, Endothelial (arteriole), CD8+ T cytotoxic cells , VLMC, Stress-response TAMs, Angiogenic TAMs, NK T cells, CD8 T cells, B cells, MES1like_MES2like.1	MES2like.1, MES1like_MES2like.1, Stress-response TAMs, Endothelial (arteriole), Naïve T cells, Angiogenic TAMs, VLMC, CD8+ T cytotoxic cells , Exc L2-3 IT, NK cells	Hypoxic 1
sp_batchAT6	AT6_10	13	Naïve T cells, CD8+ T cytotoxic cells , Endothelial (venule), NPC1like_OPClike.1, NPC2like.3, OPClike.4, Inh VIP, OPClike.5, Ambiguous (neurons), OPCs	Naïve T cells, AClike_MES1like.4, NPC1like_OPClike.1, Stress-response TAMs, CD8+ T cytotoxic cells , OPClike.5, MES2like.1, Endothelial (capillary), OPClike.4, Endothelial (venule)	Gliosis (diffuse)
sp_batchAT6	AT6_11	0	Endothelial (Other), Pericytes, Endothelial (capillary), Pericyte (CNA-associated), Endothelial (CNA-associated), VLMC, Endothelial (venule), Ambiguous (vascular), Endothelial (arteriole), T reg	Pericytes, Endothelial (capillary), Endothelial (Other), Pericyte (CNA-associated), VLMC, Endothelial (CNA-associated), Endothelial (arteriole), Endothelial (venule), NK cells, Ambiguous (vascular)	Vasculature
sp_batchAT6	AT6_12	10	Exc L2-3 IT, Exc L4-5 IT, Inh RELN, Inh PVALB, Inh VIP, OPClike.5, Inh LAMP5, Exc L6CT, Exc L4 IT, Ambiguous (neurons)	Exc L2-3 IT, Exc L4-5 IT, Inh RELN, OPClike.5, NPC1like_OPClike.1, AClike_MES1like.4, OPClike.2, OPCs, OPClike.4, Inh PVALB	Grey matter
sp_batchAT6	AT6_13	12	Resident-Microglia TAMs, Pro-inflammatory TAMs, Anti-inflammatory TAMs, Phagocytotic astrocytes, Interferon TAMs, Macrophage (microglia), RTN1+ TAMs, B cells, Lymphoid DC, Undefined_1	Resident-Microglia TAMs, Anti-inflammatory TAMs, Pro-inflammatory TAMs, Phagocytotic astrocytes, Interferon TAMs, Macrophage (microglia), RTN1+ TAMs, Oligodendrocytes 1, Naïve T cells, Ambiguous (oligo.)	Immune (resident)
sp_batchAT6	AT6_14	5	Angiogenic TAMs, CD8+ T cytotoxic cells , Stress-response TAMs, MES2like.1, Endothelial (venule), Naïve T cells, Resident BAM TAMs, NK T cells, B cells, NK cells	Angiogenic TAMs, MES2like.1, Stress-response TAMs, Naïve T cells, MES1like_MES2like.1, CD8+ T cytotoxic cells , Proliferatve TAMs, Monocyte, Resident BAM TAMs, Endothelial (venule)	Hypoxic 1
sp_batchAT6	AT6_15	5	Stress-response TAMs, Endothelial (arteriole), VLMC, MES2like.1, Ambiguous (vascular), A1-state Astrocytes, Resident BAM TAMs, Angiogenic TAMs, AClike_MES2like.1, Pericytes	Stress-response TAMs, MES2like.1, Endothelial (arteriole), VLMC, Angiogenic TAMs, Pericytes, AClike.2, AClike_MES2like.1, AClike.1, AClike_MES1like.2	Hypoxic 1
sp_batchAT6	AT6_2	3	Oligodendrocytes 1, Ambiguous (oligo.), Oligodendrocytes 2, Resident-Microglia TAMs, A1-state Astrocytes, Naïve T cells, Undefined_1, Inh SST (Chodl), AClike_MES1like.4, Exc L6CT	Oligodendrocytes 1, Oligodendrocytes 2, Ambiguous (oligo.), Naïve T cells, Resident-Microglia TAMs, AClike_MES1like.4, A1-state Astrocytes, Exc L4-5 IT, AClike_MES1like.2, Undefined_1	White matter
sp_batchAT6	AT6_3	1	AClike.2, AClike.4, AClike.1, Ion-channel Astrocytes, OPClike.3, Macrophage (microglia), AClike_MES2like.1, OPClike.2, AClike_MES1like.3, Exc L5-6 NP	AClike.1, AClike.4, AClike.2, OPClike.2, OPClike.1, NPC1like.1, Macrophage (microglia), OPClike.3, NPC1like_OPClike.1, AClike_MES2like.1	Dev-like (AC)
sp_batchAT6	AT6_4	11	AClike_MES1like.1, AClike_MES1like.2, NPC2like.1, Inflammatory Astrocytes, MES1like_NPC2like.1, A1-state Astrocytes, Ambiguous (lymphocyte 1), MES1like_MES2like.1, Endothelial (CNA-associated), Inh SST (Chodl)	AClike_MES1like.1, MES1like_MES2like.1, AClike_MES1like.2, Pericyte (CNA-associated), AClike_MES1like.4, MES1like_NPC2like.1, OPClike.1, Inflammatory Astrocytes, AClike.1, Endothelial (CNA-associated)	Gliosis transition
sp_batchAT6	AT6_5	18	AClike_MES1like.4, Inh PAX6, NPC2like.1, Undefined_9, IFN-response T cells, NPC2like.5, NPC1like_OPClike.2, T proliferatve cells, Neural-support Astrocytes, OPClike.5	AClike_MES1like.4, Naïve T cells, AClike.4, OPClike.5, NPC1like.1, Inh RELN, Proliferatve TAMs, Resident-Microglia TAMs, NPC1like_OPClike.1, OPClike.2	Gliosis (diffuse)
sp_batchAT6	AT6_6	9	MES2like.2, OPClike.1, Exc L6 Car3, MES1like_NPC2like.1, Undefined_5, AClike_MES1like.3, Exc L6 IT, NPC2like_OPClike.1, L5 ET, AClike_MES2like.1	MES2like.2, AClike_MES1like.1, OPClike.1, AClike.1, AClike.3, MES2like.1, MES1like_NPC2like.1, AClike_MES1like.3, AClike_MES2like.1, NPC2like_OPClike.1	Hypoxic 2
sp_batchAT6	AT6_7	4	AClike.3, NPC1like.1, OPClike.3, OPClike.2, Oligo.-associated Astrocytes, AClike_MES2like.1, Undefined_2, NPC2like.5, Macrophage (microglia), NPC1like_OPClike.1	AClike.3, AClike.1, NPC1like.1, OPClike.2, AClike.4, NPC1like_OPClike.1, Macrophage (microglia), OPClike.3, AClike_MES2like.1, Endothelial (capillary)	Proliferative
sp_batchAT6	AT6_8	3	Oligodendrocytes 2, Ambiguous (oligo.), Undefined_1, Oligodendrocytes 1, B cells, CD8 T cells, Ambiguous (lymphocyte 2), Inh Chandelier, NK T cells, Oligo.-associated Astrocytes	Oligodendrocytes 2, Oligodendrocytes 1, Ambiguous (oligo.), Undefined_1, Inh RELN, B cells, CD8 T cells, NK cells, Monocyte, Oligo.-associated Astrocytes	White matter
sp_batchAT6	AT6_9	14	Proliferatve TAMs, Monocyte, RTN1+ TAMs, Lymphoid DC, Resident BAM TAMs, AClike_MES1like.2, T proliferatve cells, Undefined_7, Pro-inflammatory TAMs, Phagocytotic astrocytes	Proliferatve TAMs, Monocyte, AClike.2, RTN1+ TAMs, AClike_MES1like.2, Pro-inflammatory TAMs, Anti-inflammatory TAMs, Phagocytotic astrocytes, OPClike.1, Resident BAM TAMs	Immune (TAMs)
sp_batchAT7	AT7_0	18	AClike_MES1like.4, T proliferatve cells, Ambiguous (vascular), Undefined_2, ECM Astrocytes, Endothelial (venule), Ambiguous (lymphocyte 1), Undefined_0, T reg, Undefined_7	AClike_MES1like.4, T proliferatve cells, Undefined_6, Ambiguous (vascular), Undefined_2, AClike_MES1like.2, Proliferatve TAMs, Undefined_7, ECM Astrocytes, T reg	Gliosis (diffuse)
sp_batchAT7	AT7_1	17	MES2like.1, Naïve T cells, MES1like_MES2like.1, Stress-response TAMs, Plasma cells, AClike_MES1like.4, OPClike.4, Undefined_2, T proliferatve cells, T reg	MES2like.1, MES1like_MES2like.1, Naïve T cells, Stress-response TAMs, AClike_MES1like.4, T proliferatve cells, Plasma cells, Undefined_2, T reg, OPClike.4	Hypoxic 1
sp_batchAT7	AT7_10	0	Pericytes, Endothelial (arteriole), Endothelial (Other), Endothelial (CNA-associated), IFN-response T cells, Endothelial (venule), Endothelial (capillary), Anti-inflammatory TAMs, Mixed CD4/CD8 T cells, NK cells	Pericytes, Endothelial (Other), Endothelial (arteriole), IFN-response T cells, Anti-inflammatory TAMs, CD8 T cells, Endothelial (venule), NK cells, Mixed CD4/CD8 T cells, Endothelial (CNA-associated)	Vasculature
sp_batchAT7	AT7_11	0	VLMC, Pericyte (CNA-associated), Ambiguous (lymphocyte 1), CD8 T cells, Plasma cells, NK cells, Mixed CD4/CD8 T cells, CD8+ T cytotoxic cells , NK T cells, Resident BAM TAMs	VLMC, Resident BAM TAMs, Pericytes, CD8 T cells, Pericyte (CNA-associated), Plasma cells, Angiogenic TAMs, NK cells, Mixed CD4/CD8 T cells, Ambiguous (lymphocyte 1)	Vasculature
sp_batchAT7	AT7_12	9	MES2like.2, MES1like_NPC2like.1, Ambiguous (neurons), AClike.4, NPC2like.3, AClike.3, OPClike.1, NPC1like.1, NPC2like_OPClike.1, L5 ET	MES2like.2, AClike.3, AClike_MES1like.1, AClike_MES1like.4, NPC1like.1, OPClike.1, MES1like_NPC2like.1, AClike.1, NPC2like.3, MES1like_MES2like.1	Hypoxic 2
sp_batchAT7	AT7_13	15	MES1like_MES2like.1, MES2like.1, Plasma cells, Undefined_2, OPClike.4, Exc L5-6 NP, Exc L4 IT, Inh Chandelier, L5 ET, Inh VIP	MES1like_MES2like.1, MES2like.1, Plasma cells, Undefined_2, Angiogenic TAMs, OPClike.4, Exc L5-6 NP, L5 ET, Exc L4 IT, Inh Chandelier	Gliosis
sp_batchAT7	AT7_14	14	Resident BAM TAMs, Lymphoid DC, Anti-inflammatory TAMs, CD8+ T cytotoxic cells , Mixed CD4/CD8 T cells, T reg, NK cells, Ambiguous (vascular), CD8 T cells, NK T cells	Resident BAM TAMs, Anti-inflammatory TAMs, T proliferatve cells, Proliferatve TAMs, CD8+ T cytotoxic cells , Ambiguous (vascular), CD8 T cells, NK cells, Lymphoid DC, Mixed CD4/CD8 T cells	Immune (TAMs)
sp_batchAT7	AT7_15	1	AClike.2, A1-state Astrocytes, Neural-support Astrocytes, NPC2like.1, Monocyte, AClike_MES1like.2, Oligo.-associated Astrocytes, AClike_MES1like.3, ECM Astrocytes, AClike.4	AClike.2, AClike.1, A1-state Astrocytes, AClike_MES1like.2, Oligo.-associated Astrocytes, Neural-support Astrocytes, Monocyte, NPC2like.1, Ion-channel Astrocytes, Interferon TAMs	Dev-like (AC)
sp_batchAT7	AT7_2	1	AClike.1, Pericyte (CNA-associated), AClike_MES1like.2, Ambiguous (neurons), NPC2like.3, OPClike.1, Resident BAM TAMs, AClike.4, MES1like_NPC2like.1, NPC1like.1	AClike.1, Resident BAM TAMs, AClike_MES1like.2, OPClike.1, AClike.2, AClike.3, NPC1like.1, NPC2like.3, AClike_MES1like.4, Pericyte (CNA-associated)	Dev-like (AC)
sp_batchAT7	AT7_3	11	AClike_MES1like.1, Pericyte (CNA-associated), NPC2like.4, NPC2like.1, Proliferatve TAMs, ECM Astrocytes, Undefined_2, A1-state Astrocytes, AClike_MES2like.1, Angiogenic TAMs	AClike_MES1like.1, Angiogenic TAMs, Proliferatve TAMs, T proliferatve cells, MES1like_MES2like.1, A1-state Astrocytes, AClike_MES1like.4, Undefined_2, Pericyte (CNA-associated), AClike_MES1like.2	Gliosis transition
sp_batchAT7	AT7_4	12	Undefined_6, Undefined_1, Resident-Microglia TAMs, Undefined_7, Phagocytotic astrocytes, Ion-channel Astrocytes, Undefined_5, NPC1like_OPClike.2, Ambiguous (lymphocyte 2), OPClike.3	Resident-Microglia TAMs, Undefined_6, NPC1like_OPClike.1, AClike.2, OPClike.2, Undefined_1, AClike_MES1like.2, Undefined_7, Phagocytotic astrocytes, Ion-channel Astrocytes	Immune (resident)
sp_batchAT7	AT7_5	6	OPClike.2, Interferon TAMs, NPC1like_OPClike.1, Pro-inflammatory TAMs, Macrophage (microglia), Inflammatory Astrocytes, Monocyte, OPCs, OPClike.3, Undefined_3	AClike.2, NPC1like_OPClike.1, OPClike.2, Resident-Microglia TAMs, Macrophage (microglia), Pro-inflammatory TAMs, Interferon TAMs, OPClike.3, Monocyte, Oligo.-associated Astrocytes	Dev-like (OPC)
sp_batchAT7	AT7_6	10	Exc L2-3 IT, Exc L4-5 IT, Inh SST, Exc L6b, Inh PVALB, Inh LAMP5, Inh RELN, Undefined_4, Undefined_10, Exc L6 IT	Exc L2-3 IT, Exc L4-5 IT, Exc L6b, Inh SST, A1-state Astrocytes, AClike.1, Inh LAMP5, Inh PVALB, OPCs, Undefined_10	Grey matter
sp_batchAT7	AT7_7	3	Oligodendrocytes 2, OPC (differentiating), Oligodendrocytes 1, Ambiguous (oligo.), Macrophage (microglia), Inflammatory Astrocytes, Neural-support Astrocytes, Pro-inflammatory TAMs, Oligo.-associated Astrocytes, Undefined_1	Oligodendrocytes 2, Oligodendrocytes 1, OPC (differentiating), Macrophage (microglia), AClike.2, NPC1like_OPClike.1, Pro-inflammatory TAMs, Oligo.-associated Astrocytes, Undefined_1, Inflammatory Astrocytes	White matter
sp_batchAT7	AT7_8	4	AClike.3, AClike_MES2like.1, NPC1like.1, MES1like_NPC2like.1, OPClike.1, NPC2like_OPClike.1, AClike_MES1like.3, NPC1like_OPClike.3, Proliferatve TAMs, AClike.4	AClike.3, NPC1like.1, MES2like.2, OPClike.1, Proliferatve TAMs, AClike.1, AClike_MES1like.1, MES1like_NPC2like.1, AClike_MES2like.1, OPClike.3	Proliferative
sp_batchAT7	AT7_9	5	Stress-response TAMs, Angiogenic TAMs, Plasma cells, Undefined_2, A1-state Astrocytes, OPClike.4, Ambiguous (oligo.), Neural-support Astrocytes, Naïve T cells, Ambiguous (lymphocyte 1)	Angiogenic TAMs, Stress-response TAMs, MES1like_MES2like.1, A1-state Astrocytes, Plasma cells, Undefined_2, MES2like.1, T proliferatve cells, Naïve T cells, Proliferatve TAMs	Hypoxic 1
sp_batchAT9	AT9_0	18	NPC1like_OPClike.2, L5 ET, NPC2like.5, Undefined_8, Inh PAX6, Undefined_10, T proliferatve cells, Undefined_7, AClike_MES1like.4, Inh Chandelier	NPC1like_OPClike.2, AClike_MES1like.4, NPC2like.5, L5 ET, AClike.2, Resident-Microglia TAMs, Undefined_10, Inh PAX6, Neural-support Astrocytes, Undefined_8	Gliosis (diffuse)
sp_batchAT9	AT9_1	1	AClike.2, AClike_MES1like.2, AClike.4, A1-state Astrocytes, Neural-support Astrocytes, AClike_MES1like.1, AClike.1, AClike_MES2like.1, Oligo.-associated Astrocytes, Inh PVALB	AClike.2, AClike_MES1like.1, AClike.4, AClike.1, A1-state Astrocytes, AClike_MES1like.2, AClike_MES2like.1, NPC1like_OPClike.3, AClike_MES1like.3, NPC2like.3	Dev-like (AC)
sp_batchAT9	AT9_10	6	OPC (differentiating), OPClike.4, Undefined_10, Neural-support Astrocytes, Oligo.-associated Astrocytes, Undefined_2, Plasma cells, OPCs, Undefined_0, Undefined_3	OPClike.4, AClike.2, OPC (differentiating), AClike.4, A1-state Astrocytes, AClike.1, Oligodendrocytes 1, AClike.3, Undefined_10, Neural-support Astrocytes	Dev-like (OPC)
sp_batchAT9	AT9_11	15	MES1like_MES2like.1, MES2like.1, MES2like.2, Exc L6 Car3, Naïve T cells, T reg, Ambiguous (lymphocyte 1), Neural-support Astrocytes, Ambiguous (vascular), Exc L5-6 NP	MES1like_MES2like.1, MES2like.1, MES2like.2, AClike_MES1like.1, AClike_MES2like.1, Mixed CD4/CD8 T cells, Naïve T cells, CD8 T cells, T reg, CD8+ T cytotoxic cells 	Gliosis
sp_batchAT9	AT9_12	12	Resident-Microglia TAMs, Interferon TAMs, Pro-inflammatory TAMs, Phagocytotic astrocytes, Proliferatve TAMs, Monocyte, IFN-response T cells, Macrophage (microglia), RTN1+ TAMs, Undefined_7	Resident-Microglia TAMs, Interferon TAMs, Anti-inflammatory TAMs, Proliferatve TAMs, Pro-inflammatory TAMs, RTN1+ TAMs, Phagocytotic astrocytes, Monocyte, Resident BAM TAMs, Macrophage (microglia)	Immune (resident)
sp_batchAT9	AT9_13	6	OPClike.3, AClike_MES1like.3, Anti-inflammatory TAMs, Resident BAM TAMs, AClike.1, Macrophage (microglia), NPC1like_OPClike.3, RTN1+ TAMs, Monocyte, AClike_MES2like.1	OPClike.3, AClike.2, OPClike.4, Anti-inflammatory TAMs, AClike.1, AClike_MES1like.3, NPC1like_OPClike.3, AClike.4, Resident BAM TAMs, Interferon TAMs	Dev-like (OPC)
sp_batchAT9	AT9_14	3	Oligodendrocytes 2, Oligodendrocytes 1, Ambiguous (oligo.), Undefined_1, Undefined_0, Undefined_4, Ambiguous (lymphocyte 2), Undefined_6, Undefined_5, OPC (differentiating)	Oligodendrocytes 1, Oligodendrocytes 2, Ambiguous (oligo.), Undefined_1, A1-state Astrocytes, Resident-Microglia TAMs, Undefined_4, Undefined_0, OPClike.3, Interferon TAMs	White matter
sp_batchAT9	AT9_15	11	Angiogenic TAMs, Stress-response TAMs, AClike_MES1like.1, AClike_MES2like.1, Ambiguous (vascular), NK T cells, Lymphoid DC, A1-state Astrocytes, Pro-inflammatory TAMs, NK cells	AClike_MES1like.1, Angiogenic TAMs, Stress-response TAMs, MES1like_MES2like.1, AClike_MES2like.1, A1-state Astrocytes, OPClike.3, AClike.4, Pro-inflammatory TAMs, Resident BAM TAMs	Gliosis transition
sp_batchAT9	AT9_2	8	NPC2like_OPClike.1, Exc L4 IT, OPClike.5, NPC2like.2, Exc L2-3 IT, Exc L4-5 IT, Inh SST (Chodl), Inh PAX6, Inh PVALB, NPC2like.1	NPC2like_OPClike.1, OPClike.4, NPC1like_OPClike.3, OPClike.5, NPC2like.2, OPClike.2, AClike.3, OPClike.3, AClike.1, A1-state Astrocytes	Dev-like (Neuron)
sp_batchAT9	AT9_3	4	AClike.3, T proliferatve cells, NPC1like.1, Undefined_10, Endothelial (venule), Undefined_8, Ion-channel Astrocytes, Plasma cells, Undefined_3, NPC2like.4	AClike.3, OPClike.3, NPC1like.1, NPC1like_OPClike.1, OPClike.2, Proliferatve TAMs, AClike_MES1like.3, OPClike.1, OPClike.5, NPC2like.4	Proliferative
sp_batchAT9	AT9_4	6	OPClike.2, NPC1like_OPClike.1, NPC2like.3, OPClike.5, OPClike.1, NPC2like.5, NPC2like.4, Inh SST (Chodl), L5 ET, NPC2like.2	OPClike.2, NPC1like_OPClike.1, NPC2like.3, NPC1like_OPClike.3, NPC2like_OPClike.1, OPClike.5, OPClike.3, AClike.2, AClike.3, OPClike.1	Dev-like (OPC)
sp_batchAT9	AT9_5	18	AClike_MES1like.4, Ion-channel Astrocytes, Endothelial (venule), Undefined_7, T reg, Ambiguous (lymphocyte 1), Inh PVALB, Undefined_6, Naïve T cells, Undefined_1	AClike_MES1like.4, Resident-Microglia TAMs, NPC1like_OPClike.2, Angiogenic TAMs, NPC1like.1, A1-state Astrocytes, Ion-channel Astrocytes, T reg, Undefined_1, CD8 T cells	Gliosis (diffuse)
sp_batchAT9	AT9_6	0	Pericytes, Pericyte (CNA-associated), CD8+ T cytotoxic cells , Endothelial (CNA-associated), Endothelial (Other), Mixed CD4/CD8 T cells, Endothelial (arteriole), Ambiguous (vascular), B cells, VLMC	Pericytes, Endothelial (Other), Anti-inflammatory TAMs, AClike_MES1like.1, Pericyte (CNA-associated), Resident BAM TAMs, Proliferatve TAMs, Endothelial (CNA-associated), RTN1+ TAMs, CD8+ T cytotoxic cells 	Vasculature
sp_batchAT9	AT9_7	17	MES2like.1, Stress-response TAMs, MES1like_MES2like.1, Angiogenic TAMs, T reg, Naïve T cells, MES2like.2, Mixed CD4/CD8 T cells, CD8 T cells, NK T cells	MES2like.1, MES1like_MES2like.1, Stress-response TAMs, MES2like.2, Angiogenic TAMs, A1-state Astrocytes, Mixed CD4/CD8 T cells, T reg, CD8+ T cytotoxic cells , CD8 T cells	Hypoxic 1
sp_batchAT9	AT9_8	9	MES2like.2, Exc L6 IT, NPC2like.5, NPC2like.3, Exc L2-3 IT, Exc L4-5 IT, Exc L6CT, Exc L6b, Exc L4 IT, Exc L5-6 NP	MES2like.2, MES2like.1, NPC2like.3, NPC2like.5, AClike_MES1like.1, Exc L2-3 IT, NPC1like_OPClike.1, Exc L6 IT, Exc L4-5 IT, Angiogenic TAMs	Hypoxic 2
sp_batchAT9	AT9_9	0	Endothelial (Other), Endothelial (capillary), Endothelial (arteriole), Endothelial (CNA-associated), Pericyte (CNA-associated), Pericytes, CD8+ T cytotoxic cells , Mixed CD4/CD8 T cells, CD8 T cells, B cells	Endothelial (Other), Pericytes, Endothelial (capillary), Endothelial (CNA-associated), Endothelial (arteriole), Anti-inflammatory TAMs, Resident BAM TAMs, Pericyte (CNA-associated), CD8+ T cytotoxic cells , RTN1+ TAMs	Vasculature
